"issue","closedAt","pr","fate","clause","title"
"23059","2026-08-31T12:39:16Z",,"EXCLUDED","4d not closed-as-completed","Authentification loop when installed on a subpath"
"23066","2026-08-28T20:18:12Z","23069","EXCLUDED","2a no test file in diff","Problem with Redis + Sentinel"
"23035","2026-08-28T14:12:56Z","23058","EXCLUDED","2a no test file in diff","Active sidenav section remains collapsed after resizing from mobile to desktop"
"23052","2026-08-28T12:44:04Z","23056","SURVIVOR","","PowerOutlet form renders the owner field twice and does not save the selected owner"
"22671","2026-08-28T12:37:37Z","23048","SURVIVOR","","Selecting multiple Site Groups in the VLAN Groups filter does not display the full output."
"23038","2026-08-27T22:12:54Z","23051","SURVIVOR","","Static files: Cache-busting breaks S3 presigned URLs"
"23043","2026-08-27T20:36:06Z","23055","SURVIVOR","","Error when creating front ports with a range of numbers"
"23042","2026-08-27T15:52:18Z",,"EXCLUDED","1 no single merged fixing PR (count=0)","405 method not allowed on SSO login with v4.7.0 beta (social-auth-app-django v6)"
"22995","2026-08-27T12:43:23Z",,"EXCLUDED","4d not closed-as-completed","UI and API return differing values for the errored record on bulk object creation"
"22960","2026-08-27T11:36:13Z",,"EXCLUDED","4d not closed-as-completed","Request timeout when creating a custom field with default value for millions of objects"
"22996","2026-08-27T11:35:30Z",,"EXCLUDED","4d not closed-as-completed","Request timeout when deleting a custom field for millions of objects"
"23036","2026-08-26T18:42:19Z",,"EXCLUDED","1 no single merged fixing PR (count=0)","YAML import of channelized interface templates raises a server error"
"23027","2026-08-26T13:44:50Z","23028","SURVIVOR","","Config context cache invalidation ignores the saving database connection"
"22990","2026-08-25T13:06:33Z","23002","SURVIVOR","","Inconsistent bulk edit form declarations prevent fields from being edited or cleared"
"23007","2026-08-24T21:51:46Z","23020","EXCLUDED","2a no test file in diff","Sidenav JavaScript uses a different breakpoint from the responsive layout"
"22978","2026-08-24T20:00:25Z","23017","SURVIVOR","","REST API dispatches events for writes that were rolled back"
"23013","2026-08-24T15:30:39Z","23014","SURVIVOR","","Saving a Location propagates its site assignment to all descendant objects even when the site has not changed"
"22876","2026-08-21T12:12:57Z",,"EXCLUDED","4d not closed-as-completed","Platforms list is not sorted by name anymore"
"22985","2026-08-20T19:14:55Z","22986","SURVIVOR","","Data file contents should be exempt from browser cache"
"22930","2026-08-20T18:41:56Z","22997","EXCLUDED","2a no test file in diff","SideNav skips responsive initialization at exactly 1200px"
"22934","2026-08-20T17:32:29Z","22974","SURVIVOR","","UI views leak queued events when a write transaction is rolled back"
"22972","2026-08-20T12:51:45Z",,"EXCLUDED","1 no single merged fixing PR (count=0)","deserialize_object() results cannot be saved under Django 6.1: NetBoxTaggableManager has no set_base()`"
"22982","2026-08-19T20:36:39Z","22984","SURVIVOR","","module_bay_types cannot be written via the REST API"
"22953","2026-08-19T20:06:55Z","22964","SURVIVOR","","Custom Script log messages are missing from `runscript` output"
"22961","2026-08-19T19:47:31Z","22983","SURVIVOR","","Unable to Multiple assign Module Bay Types"
"22954","2026-08-19T19:05:26Z","22970","EXCLUDED","2a no test file in diff","Several info panels omit nested group and platform hierarchies"
"22929","2026-08-19T18:53:23Z","22932","EXCLUDED","2a no test file in diff","SideNav initializes for both the vertical sidebar and the top header"
"22973","2026-08-19T18:42:42Z",,"EXCLUDED","1 no single merged fixing PR (count=0)","4.7 ltree migrations depend on the caller's search_path, breaking branch migrations"
"22957","2026-08-18T20:41:49Z","22962","EXCLUDED","2a no test file in diff","Device role, Platform, and Power Panel breadcrumbs omit ancestors"
"22922","2026-08-18T20:40:32Z","22928","SURVIVOR","","`handle_location_site_change()` does not honor current database connection"
"22967","2026-08-18T18:40:22Z","22968","SURVIVOR","","Moving a Location to a different Site leaves CircuitTermination cached scope fields stale"
"22963","2026-08-18T16:19:15Z","22965","SURVIVOR","","Counter cache signal handlers ignore the saving database connection"
"22944","2026-08-18T14:52:53Z","22955","EXCLUDED","2a no test file in diff","Virtual Machine info panel doesn't display nested roles"
"22889","2026-08-18T13:30:47Z","22907","SURVIVOR","","Config revision form text areas no longer render in monospace font"
"22939","2026-08-14T14:45:18Z",,"EXCLUDED","4d not closed-as-completed","Bulk Tenant Edit to null on IP Addresses is not working"
"22923","2026-08-13T17:56:25Z","22926","SURVIVOR","","`event_tracking()` leaves current_request and query_cache set when the wrapped block raises"
"22796","2026-08-13T04:52:49Z",,"EXCLUDED","4d not closed-as-completed","The Interface tab for virtual machines does not reflect the actual number."
"22683","2026-08-12T21:22:53Z","22784","SURVIVOR","","Validation Errors referencing fields will error bulk import forms."
"22909","2026-08-12T18:24:50Z",,"EXCLUDED","1 no single merged fixing PR (count=0)","Deferred search flush doesn't tolerate a column that changed out from under it (undefined_column)"
"22789","2026-08-12T04:52:15Z",,"EXCLUDED","4d not closed-as-completed","Requesting available IPs from range returns assigned IPs when prefix not matched"
"22812","2026-08-11T23:17:16Z","22867","SURVIVOR","","Deleting scripts that contain lots of depencies causes high memory usage, which can cause memory exhaustion"
"22745","2026-08-11T12:09:15Z","22777","SURVIVOR","","ScriptViewSet REST API allows unauthorized DELETE/PUT/PATCH"
"22852","2026-08-10T18:02:26Z","22870","SURVIVOR","","Scripts run from Event Rules ignore notifications_default setting"
"22894","2026-08-10T17:47:37Z","22895","SURVIVOR","","CustomLinkColumn does not sanitize exception messages"
"22882","2026-08-10T14:52:03Z","22892","SURVIVOR","","`DISTINCT` filter has no effect on nested GraphQL list fields"
"22805","2026-08-10T14:04:18Z","22809","SURVIVOR","","ldap_config.py is re-executed on every permission check"
"22879","2026-08-07T19:21:31Z","22885","EXCLUDED","2a no test file in diff","Unselected radio/check boxes are difficult to see in dark mode"
"22694","2026-08-07T11:40:58Z","22764","EXCLUDED","2a no test file in diff","When edit device's site property, rack property not be cleared"
"22821","2026-08-06T20:08:43Z","22830","SURVIVOR","","Deleting a Tenant Group causes Django IntegrityError when duplicate tenant names exist"
"22825","2026-08-05T20:10:56Z","22859","SURVIVOR","","CablePath crashes / NoReverseMatch when a path originates from a CircuitTermination in a pure passive (FrontPort/RearPort-only) network"
"22865","2026-08-04T19:30:53Z",,"EXCLUDED","1 no single merged fixing PR (count=0)","GraphQL type for InventoryItemTemplate references incorrect component types"
"22844","2026-08-04T17:54:27Z","22850","SURVIVOR","","/api/extras/custom-field-choice-sets/  ""base_choices"": null is not valid"
"22848","2026-08-03T16:58:26Z","22849","SURVIVOR","","Duplicate CARP ipaddress, API with pagination returns one object/id twice instead of the other"
"22854","2026-08-03T16:13:41Z","22855","EXCLUDED","2a no test file in diff","Error using GraphQL web UI when debugging is enabled"
"22828","2026-08-03T15:46:25Z","22832","SURVIVOR","","Webhook payload_url accepts values that are not valid URLs (or URL templates), only failing at dispatch time"
"22800","2026-07-30T17:03:55Z","22806","SURVIVOR","","CircuitGroupAssignmentsPanel not filtered by Circuit Type"
"22738","2026-07-29T21:27:11Z","22785","SURVIVOR","","Filter validation for available IPs does not handle custom field constraints for linked objects correctly."
"22661","2026-07-29T05:23:02Z",,"EXCLUDED","4d not closed-as-completed","uwsgi not working with Python3.12 (and therefore with Netbox4.5+)"
"22752","2026-07-28T14:02:43Z","22776","SURVIVOR","","Front ports import, rear ports field missing"
"22690","2026-07-28T13:32:59Z","22794","EXCLUDED","2a no test file in diff","Left border missing on quick search"
"22790","2026-07-28T08:51:16Z","22791","SURVIVOR","","BaseFilterSet applies SavedFilter parameters without shared/owner visibility check"
"22768","2026-07-27T19:02:54Z","22780","SURVIVOR","","Cable removal stores an empty string instead of null in endpoint `cable_end`"
"22766","2026-07-27T19:01:39Z","22778","SURVIVOR","","GraphQL `length` lookup for shared array filters maps to unsupported `__length` transform"
"22767","2026-07-27T17:30:14Z","22781","EXCLUDED","2a no test file in diff","Comments are not included in the global search indexes for several models"
"22773","2026-07-27T14:27:10Z","22782","SURVIVOR","","Bulk adding Module Bays to Devices raises a TypeError"
"22775","2026-07-25T15:52:10Z",,"EXCLUDED","4d not closed-as-completed","Tags are silently discarded when bulk importing Contact Assignments"
"22761","2026-07-23T19:45:38Z",,"EXCLUDED","4d not closed-as-completed","Webhook sender follows redirects with no IP/scheme re-check on hop"
"22737","2026-07-23T18:00:30Z","22755","SURVIVOR","","Deleting a profiled cable leaves stale connector metadata on cable endpoints"
"22748","2026-07-23T14:56:24Z","22749","SURVIVOR","","ContentTypeField accepts arbitrary ContentType (including non-public NetBox internals)"
"22746","2026-07-23T12:47:16Z",,"EXCLUDED","4d not closed-as-completed","Outbound webhook headers do not escape control characters"
"22697","2026-07-22T23:45:09Z","22741","SURVIVOR","","Using Cancel button in Add Script screen returns to root page"
"22588","2026-07-22T19:44:11Z","22684","SURVIVOR","","Any vlan can be assigned to prefix if Scope Site Group is Selected for prefix"
"22736","2026-07-22T18:58:49Z","22739","EXCLUDED","2a no test file in diff","ASN comments field is not included in global search index"
"22720","2026-07-22T15:43:27Z","22740","SURVIVOR","","Deleting a virtual chassis with a cross-chassis LAG raises TypeError instead of a protected-deletion error"
"22729","2026-07-22T15:38:23Z","22730","EXCLUDED","2a no test file in diff","Content-Disposition filename injection via unescaped object names"
"22677","2026-07-22T09:17:38Z","22733","EXCLUDED","2a no test file in diff","Form validation errors are silently dropped for fields without HTML5 constraints"
"22719","2026-07-22T02:05:19Z","22724","SURVIVOR","","REST API returns 500 instead of a validation error for malformed IP address and prefix values"
"22717","2026-07-21T15:27:56Z","22725","SURVIVOR","","Device validation raises KeyError when assigned cluster is scoped to a different location"
"22707","2026-07-20T17:46:30Z","22710","SURVIVOR","","Port mapping causes error when {vc_position} is used on device type templates"
"22712","2026-07-20T12:50:23Z","22713","EXCLUDED","2a no test file in diff","Dropdown fields are not highlighted when validation fails"
"22682","2026-07-18T08:35:09Z","22693","SURVIVOR","","Deleting a SiteGroup cascade-deletes prefixes scoped to member sites"
"22591","2026-07-18T05:08:16Z",,"EXCLUDED","4d not closed-as-completed","IP Address assignment to network device port"
"21988","2026-07-17T18:40:06Z",,"EXCLUDED","1 no single merged fixing PR (count=2)","Authorization bypass in nested object resolution via unrestricted nested lookup filters"
"22675","2026-07-15T02:18:08Z","22676","SURVIVOR","","RSS feed widget renders unvalidated entry.link scheme, enabling javascript: DOM-XSS"
"22656","2026-07-14T21:25:45Z","22680","EXCLUDED","2a no test file in diff","Interface attributes are not pre-populated when clicking ""Create & Add Another"""
"22644","2026-07-14T21:20:35Z","22645","SURVIVOR","","Front/rear port mappings are not recorded in the changelog"
"22654","2026-07-14T19:44:20Z","22655","SURVIVOR","","ConfigTemplate debug mode exposes server filesystem paths in rendered error output"
"22513","2026-07-14T17:46:55Z","22547","SURVIVOR","","JournalEntry.created_by can be reassigned on update via REST API and bulk import (audit-trail spoofing)"
"22565","2026-07-14T16:53:35Z","22666","SURVIVOR","","Cable tracers calculated total length, does not take Circuit lenght in account"
"22662","2026-07-14T16:25:57Z","22668","SURVIVOR","","Cable length exceeds field limit causes 500 error instead of validation"
"22667","2026-07-13T08:45:58Z",,"EXCLUDED","4d not closed-as-completed","Netbox (Left Menu) Resets"
"22461","2026-07-12T05:24:04Z",,"EXCLUDED","4d not closed-as-completed","Jinja2 sandbox bypass in Export Templates and Custom Links"
"17954","2026-07-12T05:03:57Z",,"EXCLUDED","4d not closed-as-completed","Cable bulk import when importing circuit terminations"
"22652","2026-07-11T16:37:53Z","22653","SURVIVOR","","SandboxedEnvironment in render_jinja2() does not explicitly disable autoescape"
"22657","2026-07-10T15:26:41Z","22658","SURVIVOR","","render_widget template tag interpolates raw exception message into mark_safe HTML"
"22617","2026-07-08T15:23:01Z","22618","SURVIVOR","","Bulk import incorrectly asserts ""add"" permission for object mutations"
"22632","2026-07-08T13:56:21Z","22633","SURVIVOR","","Object-level permission check raises `ValueError` for cross-app proxy models"
"22539","2026-07-07T18:56:56Z","22628","EXCLUDED","2a no test file in diff","Button showing available IPs in prefix is missing if user permissions has constraints"
"22566","2026-07-07T16:18:35Z","22625","SURVIVOR","","Custom script whose filename matches a core app label shadows that app in sys.modules"
"22626","2026-07-07T13:49:38Z","22627","SURVIVOR","","Custom link name not escaped properly when render fails"
"22622","2026-07-07T09:01:09Z",,"EXCLUDED","4d not closed-as-completed","/core/background-queues/ edpoint raises ValueError when reading RQ scheduler PID"
"22573","2026-07-06T17:36:38Z","22601","EXCLUDED","2a no test file in diff","Persistent scrollbar on navigation menu in Chrome"
"22598","2026-07-06T15:18:22Z","22612","EXCLUDED","2a no test file in diff","ValueError when viewing Background Tasks with rq 2.10"
"22500","2026-07-06T14:54:24Z","22562","SURVIVOR","","Maintenance mode message discarded for REST API requests"
"22568","2026-07-06T14:41:33Z","22602","SURVIVOR","","Non-integer `filter_id` query parameter raises an uncaught ValueError (HTTP 500) on object lists"
"22582","2026-07-05T16:09:00Z","22610","EXCLUDED","2a no test file in diff","Interface list row separators are a harsh bright grey line in dark mode"
"22578","2026-07-03T18:35:46Z","22606","SURVIVOR","","REST API does not honor the shared/owner visibility that the UI enforces for SavedFilter and TableConfig"
"22521","2026-07-02T11:51:19Z","22550","EXCLUDED","2a no test file in diff","Virtual Machine Type: Use RAM_BASE_UNIT for default memory"
"22154","2026-06-30T20:05:37Z","22472","SURVIVOR","","OpenAPI: BriefRack.required lists ""device_count"" but the runtime response omits it"
"22561","2026-06-29T15:40:45Z","22564","SURVIVOR","","importing IP addresses fails"
"22560","2026-06-29T11:08:49Z",,"EXCLUDED","4d not closed-as-completed","Sidebar scroll position resets to top on every navigation"
"22501","2026-06-29T08:45:32Z","22552","SURVIVOR","","GraphQL 500 responses render HTML instead of JSON"
"22530","2026-06-26T17:26:44Z","22541","EXCLUDED","2a no test file in diff","Hidden `<select>` inputs announced by screen reader (A11Y-4493)"
"22543","2026-06-26T17:19:13Z","22554","SURVIVOR","","Re-uploading a same-named custom script via REST deletes the existing script's file"
"22529","2026-06-26T17:14:08Z","22540","EXCLUDED","2a no test file in diff","Left sidebar accordion not operable with spacebar (A11Y-4485)"
"22470","2026-06-26T16:04:03Z",,"EXCLUDED","4d not closed-as-completed","Tagged-objects REST API should respect target object view permissions"
"22528","2026-06-26T12:22:18Z","22535","EXCLUDED","2a no test file in diff","Results/Filters tabs not keyboard operable (A11Y-4487)"
"22532","2026-06-26T10:08:16Z","22545","EXCLUDED","2a no test file in diff","Empty table header cell in Results (A11Y-4491)"
"22533","2026-06-25T16:40:01Z",,"EXCLUDED","4d not closed-as-completed","Row-select checkboxes have no programmatic label (A11Y-4490)"
"22531","2026-06-25T16:04:58Z","22542","SURVIVOR","","""Saved Filter"" combobox label not announced by screen readers (A11Y-4492)"
"22527","2026-06-25T11:35:35Z","22534","EXCLUDED","2a no test file in diff","Quick search results are not announced (A11Y-4488)"
"22523","2026-06-24T18:06:27Z",,"EXCLUDED","4d not closed-as-completed","Disk size (MB) divided by 1000 when displayed in GB"
"22515","2026-06-24T12:44:13Z",,"EXCLUDED","4d not closed-as-completed","ImageAttachment/JournalEntry REST serializers allow writing to parent objects the user cannot view"
"22514","2026-06-24T12:44:09Z",,"EXCLUDED","4d not closed-as-completed","REST API serializes generic-FK targets without a view-permission check"
"22512","2026-06-24T12:44:06Z",,"EXCLUDED","4d not closed-as-completed","CustomFieldsDataField renders OBJECT/MULTIOBJECT custom-field targets without restrict() (read-path disclosure)"
"22511","2026-06-24T12:44:03Z",,"EXCLUDED","4d not closed-as-completed","Several alter_object() views resolve parent objects without restrict() (object-level IDOR)"
"22489","2026-06-23T17:58:17Z","22506","SURVIVOR","","Virtual Chassis reference on Device is not updated when Virtual Chassi changes name"
"22507","2026-06-22T20:03:35Z","22508","SURVIVOR","","`restrict()` and `IsSuperuser` superuser bypass should also check `is_active`"
"21310","2026-06-22T10:35:40Z","22492","SURVIVOR","","LDAP group-lookup fails with row containing null"
"22496","2026-06-21T14:17:28Z",,"EXCLUDED","4d not closed-as-completed","Owner of Device is not shown in Device view"
"22439","2026-06-19T07:38:48Z","22469","SURVIVOR","","custom_links templatetag queries CustomLink without .restrict(), bypassing object-level permissions"
"22440","2026-06-18T21:09:35Z","22494","EXCLUDED","2a no test file in diff","GraphQL ""Cannot resolve keyword 'changelog' into field."""
"22480","2026-06-18T21:09:05Z","22493","SURVIVOR","","Front/rear images of devices no longer open in browser, only download"
"22372","2026-06-18T05:54:01Z",,"EXCLUDED","4d not closed-as-completed","Device Interface List empty"
"22466","2026-06-16T15:03:16Z","22467","SURVIVOR","","Tests error when using a PostgreSQL database with SSL enabled"
"22427","2026-06-16T13:25:11Z","22426","SURVIVOR","","GraphQL JSONFilter.path allows ORM operator injection over JSONField contents"
"22448","2026-06-16T11:43:53Z","22449","EXCLUDED","2a no test file in diff","`handle_protectederror()` does not escape object representations on error"
"22454","2026-06-15T20:24:12Z","22460","EXCLUDED","2a no test file in diff","Decimal custom fields sent as text when saved, creates unneccesary changelog"
"22346","2026-06-15T12:51:07Z","22420","SURVIVOR","","Render SSO/SAML authentication failures as a login-page message instead of an HTTP 500 ""Server Error"""
"22397","2026-06-14T14:34:53Z","22406","SURVIVOR","","AttributeError when logged out user tries to export devices"
"22444","2026-06-14T00:10:30Z","22445","EXCLUDED","2a no test file in diff","KeyError 'V' on PowerFeed detail view when locale is not en-us"
"22333","2026-06-13T23:42:23Z","22350","EXCLUDED","2b/4c no non-test non-migration python source in diff","Query count failure in users.tests.test_api.UserTestCase"
"22278","2026-06-13T05:45:35Z",,"EXCLUDED","4d not closed-as-completed","Device import - updating existing device Site fails with a strange error"
"22303","2026-06-12T12:38:35Z","22434","EXCLUDED","2a no test file in diff","OpenAPI schema is missing `fields` param"
"22429","2026-06-11T20:30:28Z","22424","SURVIVOR","","Constrained grant_token ObjectPermissions are silently bypassed in the REST API"
"22431","2026-06-10T17:16:14Z","22432","SURVIVOR","","Token.generate() uses non-CSPRNG random.choice() ÔÇö tokens are predictable"
"22428","2026-06-10T17:10:59Z",,"EXCLUDED","4d not closed-as-completed","ImageAttachment upload accepts polyglot files that can carry non-image payloads"
"22273","2026-06-10T16:27:51Z","22401","SURVIVOR","","Application Service: OperationalError when adding a new service with more than approx. 2000 ports"
"22376","2026-06-09T17:55:21Z","22398","SURVIVOR","","Event rule script job fails with AssertionError when DeviceType has an image attached"
"22415","2026-06-09T12:32:28Z",,"EXCLUDED","4d not closed-as-completed","Does not increment power ports amount when power supply module inserted with CLI script call Module.objects.create()"
"22399","2026-06-08T14:05:41Z","22400","SURVIVOR","","MediaView should enforce permissions on the related object when serving static content"
"22237","2026-06-04T19:59:00Z","22385","SURVIVOR","","Server error when opening the standalone ""Add Table Configuration"" page"
"22388","2026-06-04T18:55:19Z","22389","EXCLUDED","2a no test file in diff","NetBox may fail to start with Redis <6.0"
"22379","2026-06-04T12:36:14Z",,"EXCLUDED","4d not closed-as-completed","Custom script results not displayed for non-superuser accounts."
"22373","2026-06-04T11:52:12Z",,"EXCLUDED","4d not closed-as-completed","`vid_ranges` field changelog representation of the VLANGoup model is not JSON serializable when starting Custom Script by Webhook via API with changelog in request body"
"22324","2026-06-03T18:06:21Z","22366","SURVIVOR","","`CustomFieldChoiceSet.extra_choices` GraphQL filter uses a flat array lookup for a nested array field"
"22357","2026-06-03T11:19:48Z","22364","EXCLUDED","2a no test file in diff","dcim.Module should not inherit from ConfigContextModel"
"21895","2026-06-03T11:14:40Z","22252","SURVIVOR","","Log output for job limited to 50 rows"
"22358","2026-06-03T11:08:23Z","22368","EXCLUDED","2a no test file in diff","fix broken get_0u_devices() function"
"22370","2026-06-03T07:33:11Z",,"EXCLUDED","4d not closed-as-completed","redis-8.0.0 incompatibility"
"22245","2026-06-03T01:19:44Z","22275","EXCLUDED","2a no test file in diff","Bulk Patch/Put OpenAPI Schema Doesn't Include ID Field"
"21338","2026-06-02T20:41:55Z","22360","SURVIVOR","","Interface webhook data does not include connected endpoints when a cable connection is made"
"22210","2026-06-02T20:30:18Z","22327","SURVIVOR","","Saved Filter doesn't work in additional tabs"
"22340","2026-06-02T18:21:29Z","22365","EXCLUDED","2a no test file in diff","Token allowed IPs is shown as list of IPNetwork objects, not as comma-separated strings"
"22330","2026-06-02T17:35:47Z",,"EXCLUDED","4d not closed-as-completed","Regression in v4.5: child device Position panel no longer shows parent's rack U / face"
"22251","2026-06-02T15:25:58Z","22336","SURVIVOR","","Moving a multi-bay module does not move its children"
"22310","2026-06-02T13:44:18Z","22337","EXCLUDED","2a no test file in diff","Warning about missing project-static/docs shown during upgrade.sh"
"22180","2026-06-02T10:56:48Z","22348","SURVIVOR","","Adding Custom Scripts via Data Source bypasses validate_script_content creating a broken script that cannot be updated."
"22158","2026-06-01T18:18:32Z","22342","SURVIVOR","","ConfigRevision queries stay in DB, expending all connections"
"22328","2026-05-29T13:23:04Z","22329","SURVIVOR","","DynamicMultipleChoiceField missing else: self.choices = [] in get_bound_field(), causing OOM crash with large choice sets"
"22270","2026-05-29T00:05:32Z","22331","SURVIVOR","","Deleting an object with reverse SET_NULL relations records UPDATE ObjectChange after DELETE"
"21091","2026-05-29T00:03:01Z","22314","EXCLUDED","2a no test file in diff","Request/response type for ""render config of device/VM"""
"22325","2026-05-28T19:47:56Z","22326","SURVIVOR","","AttributeError when creating a Custom Field Choice Set with base choices"
"22301","2026-05-28T18:26:02Z","22323","SURVIVOR","","Name conflict when multiple plugins introduce taggable models of the same name"
"22287","2026-05-28T16:53:02Z","22312","EXCLUDED","2a no test file in diff","GraphQL `EventRuleFilter.action_object_type` typed as string lookup against a ContentType FK"
"22286","2026-05-28T15:47:28Z","22313","EXCLUDED","2a no test file in diff","GraphQL ConfigContextProfileFilter name and description should be Optional"
"22282","2026-05-28T15:29:28Z","22284","SURVIVOR","","`fetch()` method on S3Backend does not reliably resolve object keys"
"22187","2026-05-28T15:02:05Z","22316","SURVIVOR","","Cable Profile - Cable retrace bug"
"22307","2026-05-28T13:08:00Z","22308","SURVIVOR","","`grant_token` enforcement in UI is inconsistent with REST API"
"22283","2026-05-27T19:27:50Z","22285","SURVIVOR","","ScriptResultView does not adequately restrict Job queryset"
"22152","2026-05-27T05:42:21Z",,"EXCLUDED","4d not closed-as-completed","django.db.utils.ProgrammingError: relation ""dcim_location_pkey"" already exists"
"22233","2026-05-22T14:17:30Z","22262","SURVIVOR","","site_id filter on /api/dcim/cables/ returns no results when both endpoints are circuits.circuittermination"
"22232","2026-05-22T13:56:24Z","22258","SURVIVOR","","Duplicate background jobs"
"22219","2026-05-22T13:21:08Z","22257","SURVIVOR","","InlineFields rows missing required field indicator (asterisk)"
"22228","2026-05-21T00:39:48Z","22244","SURVIVOR","","VLANGroup.save() doesn't validate vid_ranges bounds metadata ÔÇö bounds='[]' callers get silent miscounts and a hard 500 on singleton ranges"
"22247","2026-05-20T21:32:34Z","22248","EXCLUDED","2a no test file in diff","Custom field detail page shows internal model name for related_object_type instead of verbose name"
"22163","2026-05-20T16:27:11Z","22166","SURVIVOR","","CircuitTerminationForm raises ValueError: has no field named 'termination_id' when termination_type is set but the target object is blank"
"22236","2026-05-19T13:09:31Z","22238","EXCLUDED","2a no test file in diff","TableConfigSerializer drops `changelog_message`"
"22208","2026-05-18T23:24:44Z","22215","SURVIVOR","","JobFilterSet missing `user_id` FK filter"
"22207","2026-05-18T19:40:29Z","22214","SURVIVOR","","TableConfigType GraphQL type missing explicit `object_type` annotation"
"22190","2026-05-18T17:28:03Z","22221","EXCLUDED","2a no test file in diff","Tenant and Tenant Group are missing in Circuits Group Configure Table"
"22227","2026-05-18T16:40:53Z","22230","SURVIVOR","","Detailed IP-address view doesn't seem right when an IP has multiple NAT assignments"
"22209","2026-05-18T16:26:19Z","22217","SURVIVOR","","CableTerminationFilterSet missing `cable_id` FK filter"
"22206","2026-05-18T12:30:52Z","22213","SURVIVOR","","TableConfig.clean() raises TypeError when `ordering` is None"
"22202","2026-05-18T12:29:47Z","22220","SURVIVOR","","SystemHousekeepingJob.check_for_new_releases() crashes when no stable releases are returned"
"22189","2026-05-14T19:25:30Z",,"EXCLUDED","4d not closed-as-completed","core.job not selectable as objecttype on relevant forms"
"22198","2026-05-14T14:42:14Z","22199","SURVIVOR","","ExportTemplate queryset should be restricted for REST API and list views"
"22079","2026-05-14T12:15:01Z","22170","SURVIVOR","","ExportTemplate `environment_params` can be configured to bypass template sandbox"
"22183","2026-05-14T12:07:40Z","22186","SURVIVOR","","Saving an unchanged WirelessLink creates spurious change-log entries for `interface_b`"
"22081","2026-05-13T15:38:19Z","22160","SURVIVOR","","TokenViewSet.create() does not return v2 token plaintext"
"22055","2026-05-08T11:59:46Z","22106","EXCLUDED","2a no test file in diff","API exceptions swallowed by middleware ÔÇö never reported to Sentry"
"21934","2026-05-07T18:33:05Z","22018","EXCLUDED","2a no test file in diff","Striped table rows override interface-type row highlighting on Device Interfaces (Virtual/LAG) ÔÇô inconsistent styling"
"21684","2026-05-05T15:21:52Z",,"EXCLUDED","4d not closed-as-completed","Editing IP when adding bulk IP Addresses"
"21364","2026-05-04T22:56:47Z",,"EXCLUDED","4d not closed-as-completed","The POST /api/extras/scripts/ endpoint is broken"
"22084","2026-05-04T15:51:27Z","22086","EXCLUDED","2a no test file in diff","OpenAPI `Interface.cable_end` is required and non-nullable but returns `null` for unconnected interfaces"
"22034","2026-05-01T18:39:13Z","22063","EXCLUDED","2a no test file in diff","dcim.0228_rack_group fails because of existing database objects"
"22040","2026-04-29T22:50:21Z",,"EXCLUDED","4d not closed-as-completed","Module bay description not populated from template when installing a module"
"22029","2026-04-29T20:36:27Z","22035","SURVIVOR","","Setting an `asset_tag` to an empty string on more than one device raises an IntegrityError"
"22031","2026-04-29T17:42:59Z","22037","EXCLUDED","2a no test file in diff","Add prefix to VLAN ""Field 'id' expected a number but got 'None'."""
"22005","2026-04-28T18:20:03Z","22022","SURVIVOR","","Query for connected interfaces shown cabled interfaces"
"21990","2026-04-28T17:02:58Z","22015","SURVIVOR","","Device is being deleted from virtual machines"
"21996","2026-04-28T16:57:42Z",,"EXCLUDED","4d not closed-as-completed","Device render_config permission is unavailable"
"22002","2026-04-27T21:40:51Z","22009","EXCLUDED","2a no test file in diff","UI: Horizontal scroll missing for Parent Prefixes table on IP Address view"
"21995","2026-04-27T20:28:05Z","22017","EXCLUDED","2a no test file in diff","Contacts - Create & Add Another does not clear inputs"
"22010","2026-04-27T16:52:13Z",,"EXCLUDED","4d not closed-as-completed","Unable to set rack starting unit of 0"
"21989","2026-04-27T16:01:51Z","21994","SURVIVOR","","EventRule.action_data accepts non-object JSON, causing 500 on every object write"
"21917","2026-04-27T16:00:05Z","22006","SURVIVOR","","Rear port has multiple link peers when connected to an interface using trunk cable profile"
"21949","2026-04-27T12:35:47Z","21997","SURVIVOR","","Broken power modeling within a PDU"
"20736","2026-04-24T19:23:22Z",,"EXCLUDED","4d not closed-as-completed","Empty search result for interfaces, power-ports, power-outlets"
"21979","2026-04-24T13:21:28Z",,"EXCLUDED","4d not closed-as-completed","Scroll wheel controls both page scroll and increments values on entities with incremental numeric fields in Microsoft Edge"
"21985","2026-04-23T16:09:25Z","21986","EXCLUDED","2a no test file in diff","Color field missing from Front Ports edit form"
"21975","2026-04-22T15:56:32Z","21976","SURVIVOR","","CSV bulk export does not fully employ prefetching of related objects"
"21966","2026-04-20T19:11:49Z","21973","EXCLUDED","2a no test file in diff","OpenAPI schema for available-vlans endpoint documents wrong request body"
"21906","2026-04-20T17:32:48Z","21967","SURVIVOR","","REST API `POST`/`PATCH` request without a trailing slash causes an exception"
"21965","2026-04-20T14:29:14Z",,"EXCLUDED","4d not closed-as-completed","Modules without Script classes synced from datasources cannot be deleted"
"21658","2026-04-20T13:46:43Z","21956","EXCLUDED","2a no test file in diff","OpenAPI Spec / swagger docs: POST /api/ipam/prefixes/{id}/available-prefixes/ requestBody is incorrect"
"21963","2026-04-20T10:52:27Z",,"EXCLUDED","4d not closed-as-completed","Cannot import correction of a script after the first import fail"
"21947","2026-04-17T13:37:58Z","21948","EXCLUDED","2a no test file in diff","Comment in MAC-Adress entry is not saved"
"21893","2026-04-16T20:48:16Z","21931","SURVIVOR","","Permission Scope Issues"
"21538","2026-04-15T21:01:21Z","21919","SURVIVOR","","Contact Group ""Contacts"" count is wrong in case of multi-assignment to nested groups"
"21913","2026-04-15T19:29:19Z","21928","EXCLUDED","2a no test file in diff","Plugin template extensions missing on VRF and other declarative-layout views"
"21683","2026-04-15T17:45:28Z","21921","EXCLUDED","2a no test file in diff","Import patchpanel module with mapping"
"21737","2026-04-15T17:17:00Z","21920","SURVIVOR","","Erroneous custom scripts get registered in database, but there is no visible option to remove them"
"21783","2026-04-13T17:03:48Z","21873","SURVIVOR","","Cable bulk csv import powerfeed to powerport"
"21869","2026-04-13T15:53:02Z","21899","EXCLUDED","2a no test file in diff","`ScriptModule.save()` triggers `sync_classes()` twice for a single save"
"21801","2026-04-09T17:47:55Z","21863","SURVIVOR","","Duplicate filename allowed when upload files using S3 storage"
"21529","2026-04-09T15:49:28Z","21861","SURVIVOR","","api - custom fields accepts/shows fields that do not exist in changelog"
"21704","2026-04-09T14:41:16Z","21859","EXCLUDED","2a no test file in diff","Device-type YAML export is missing mappings"
"21835","2026-04-07T20:50:42Z","21852","EXCLUDED","2a no test file in diff","Tag UI doesn't allow for manual color input, help text implies this should be possible"
"21814","2026-04-07T16:11:14Z","21853","EXCLUDED","2a no test file in diff","Custom script ""last run"" shows the last creation time, not the start time"
"21841","2026-04-07T15:48:41Z","21851","EXCLUDED","2a no test file in diff","Script module Edit button hidden for non-superusers"
"21845","2026-04-07T15:38:24Z","21850","EXCLUDED","2a no test file in diff","Connection column CSV export renders template whitespace instead of formatted value"
"21542","2026-04-03T21:55:13Z","21834","SURVIVOR","","Interface speed field (32-bit) overflows for LAG interfaces exceeding ~2.1 Tbps"
"21833","2026-04-03T09:31:10Z",,"EXCLUDED","4d not closed-as-completed","Issues navigating to devices in Virtual Chassis"
"21541","2026-04-03T08:30:52Z",,"EXCLUDED","4d not closed-as-completed","""is [not] empty"" filter expects value"
"21535","2026-04-02T23:17:51Z","21829","SURVIVOR","","Exception raised when search a custom field related to object with ""is empty"" filter"
"21498","2026-04-02T22:49:44Z","21815","SURVIVOR","","Eventrules in v4.5.2 and v4.5.3 result in server error"
"21825","2026-04-02T20:20:55Z","21826","EXCLUDED","2a no test file in diff","Several list tables expose broken sortable columns"
"21823","2026-04-02T16:03:02Z",,"EXCLUDED","4d not closed-as-completed","LAG inteface view raise dcim.models.device_components.Interface.virtual_circuit_termination.RelatedObjectDoesNotExist"
"21818","2026-04-02T12:49:32Z",,"EXCLUDED","4d not closed-as-completed","Action buttons show up for users that have restricted permissions but no permissions for that specific object"
"21821","2026-04-02T11:49:19Z",,"EXCLUDED","4d not closed-as-completed","v4.5.6 - virtual interface error, gui not loading"
"20474","2026-04-01T23:19:45Z","21740","SURVIVOR","","Cannot install module with placeholder values in a module bay tree 2 in tree but 1 placeholders given."
"21784","2026-04-01T16:36:23Z","21817","SURVIVOR","","AttributeError when trying to sort table without being logged in"
"21533","2026-04-01T16:25:02Z","21546","SURVIVOR","","API responses missing read-only fields (e.g., `family`) upon creation"
"21808","2026-04-01T16:06:20Z","21811","EXCLUDED","2a no test file in diff","virtual_circuit_termination.RelatedObjectDoesNotExist error on virtual interfaces"
"21810","2026-04-01T12:59:41Z","21812","EXCLUDED","2a no test file in diff","'Device' object has no attribute 'master'"
"21426","2026-03-31T13:49:12Z",,"EXCLUDED","4d not closed-as-completed","Custom field (type object) pointed to Device Role  - Field 'id' expected a number but got 'true'."
"21749","2026-03-31T12:18:38Z","21764","SURVIVOR","","CircuitGroupAssignmentTable FieldError when sorting by member column (GenericForeignKey missing orderable=False)"
"21786","2026-03-30T21:31:43Z","21787","EXCLUDED","2a no test file in diff","Revert bug fix for #21747"
"21763","2026-03-30T15:23:38Z","21778","SURVIVOR","","Site edit page fails to load with a very large number of ASNs assigned"
"20882","2026-03-28T04:37:49Z",,"EXCLUDED","4d not closed-as-completed","Platform manufacturer filtering is inconsistent - allows selection after removal but not before"
"21776","2026-03-27T19:38:12Z",,"EXCLUDED","4d not closed-as-completed","Changing Interface on a cable throws an error."
"21768","2026-03-27T09:34:37Z",,"EXCLUDED","4d not closed-as-completed","EventRules throw a `'NoneType' object is not callable` error when triggered"
"21767","2026-03-27T08:41:22Z",,"EXCLUDED","4d not closed-as-completed","Search for empty custom field not working"
"21755","2026-03-26T17:49:21Z",,"EXCLUDED","4d not closed-as-completed","Unable to see more than 100 items in a list"
"21747","2026-03-26T16:13:30Z","21748","EXCLUDED","2a no test file in diff","The search backend should silently fail on SQL schema issues when running in a migration"
"20467","2026-03-25T19:45:50Z","21752","SURVIVOR","","The ""Position"" field doesn't resolve the {module} variable in nested modules"
"21698","2026-03-24T18:25:02Z","21721","EXCLUDED","2a no test file in diff","Custom Field URL Filter is too restrictive for weird ports"
"21734","2026-03-24T09:56:25Z",,"EXCLUDED","4d not closed-as-completed","Filter lookup `empty` on object custom fields is broken in web UI"
"21707","2026-03-23T23:07:22Z","21708","EXCLUDED","2a no test file in diff","Provider Account add/edit forms do not group `owner` with `owner_group`"
"21718","2026-03-20T11:54:52Z",,"EXCLUDED","4d not closed-as-completed","[Device] - Render Config - Permission denied"
"21713","2026-03-20T10:10:24Z",,"EXCLUDED","1 no single merged fixing PR (count=0)","Type StrFilterLookup is defined multiple times in the schema"
"21552","2026-03-19T04:53:59Z",,"EXCLUDED","4d not closed-as-completed","Front port bulk import uses wrong field options"
"21686","2026-03-17T17:16:24Z","21689","SURVIVOR","","Editing Circuit Termination Circuit leaves orphaned association."
"21556","2026-03-17T16:06:15Z","21649","EXCLUDED","2a no test file in diff","Update Device Type remove the Platform"
"21653","2026-03-17T13:16:05Z","21681","SURVIVOR","","CablePath.from_origin() discards multi-position cable positions during profile-based tracing"
"21673","2026-03-17T07:54:04Z","21685","EXCLUDED","2a no test file in diff","UI Bug with Displaying Primary IP Address with NAT IP on a Virtual Machine"
"21579","2026-03-13T21:08:06Z","21628","EXCLUDED","2a no test file in diff","Scripts: ""ÔÇÿAdd"" button is displayed even without required permissions"
"20077","2026-03-12T18:49:46Z","21645","EXCLUDED","2a no test file in diff","GUI bugging out when using saved info"
"21651","2026-03-12T18:49:00Z","21659","EXCLUDED","2a no test file in diff","mac address list display error"
"21657","2026-03-12T17:54:14Z",,"EXCLUDED","4d not closed-as-completed","decimal custom field - 'is empty' filter causes warning when going back to filter page"
"20934","2026-03-12T16:38:06Z","21650","EXCLUDED","2a no test file in diff","Darkmode flickers on page load"
"21580","2026-03-12T16:30:42Z","21634","EXCLUDED","2a no test file in diff","Virtual Machines: ""Add components"" button is displayed even without required permissions"
"21440","2026-03-12T12:31:42Z","21608","SURVIVOR","","out of band ip import"
"21618","2026-03-12T12:23:36Z","21625","SURVIVOR","","Cable termination points lost on bulk-changing cable profile"
"21576","2026-03-10T13:35:10Z",,"EXCLUDED","4d not closed-as-completed","Edit button visible despite object permission constraint on Interface"
"21627","2026-03-10T13:29:11Z",,"EXCLUDED","4d not closed-as-completed","Server Error"
"21468","2026-03-09T15:54:02Z","21577","SURVIVOR","","`copy_safe_request()` sheds unrecognized but safe HTTP headers"
"20385","2026-03-09T13:58:24Z","21617","SURVIVOR","","`MAX_PAGE_SIZE` does not apply to GraphQL API requests"
"21539","2026-03-08T22:41:10Z",,"EXCLUDED","1 no single merged fixing PR (count=0)","Patch panel mappings not being created from YAML import"
"21531","2026-03-06T17:54:12Z","21599","EXCLUDED","2a no test file in diff","Filtering locations by tenant group and ""q"" results in Server Error"
"21512","2026-03-06T17:23:46Z","21602","EXCLUDED","2a no test file in diff","Device-Filter for console_ports in GraphQL shows error"
"20915","2026-03-06T16:00:35Z","21590","EXCLUDED","2a no test file in diff","Language not re-applied on login with social-app-django"
"21467","2026-03-06T15:00:42Z",,"EXCLUDED","4d not closed-as-completed","Associating a cluster to a device triggers a server error"
"21408","2026-03-06T14:58:41Z",,"EXCLUDED","4d not closed-as-completed","not able to add or remove objects in netbox version 4.5.1"
"21511","2026-03-06T14:55:38Z",,"EXCLUDED","4d not closed-as-completed","Side menu bar broken in Firefox"
"21486","2026-03-06T14:52:28Z","21603","EXCLUDED","2a no test file in diff","NetBoxFakeRequest object has no attribute 'COOKIES'"
"21012","2026-03-06T14:18:35Z","21597","EXCLUDED","2a no test file in diff","VLAN list on interface caps out at 100 with no warning"
"21585","2026-03-06T12:26:14Z",,"EXCLUDED","4d not closed-as-completed","ERROR ""TypeError argument of type 'NoneType' is not iterable"" when trying to Log Out"
"21380","2026-03-06T06:45:02Z","21598","EXCLUDED","2a no test file in diff","Background Tasks Workers Table Column Not Properly Displayed On Mobile"
"21526","2026-03-05T20:40:13Z",,"EXCLUDED","4d not closed-as-completed","RecursionError at / - maximum recursion depth exceeded"
"21586","2026-03-05T18:59:19Z","21591","EXCLUDED","2a no test file in diff","The link to create a new site group leads to the New Region endpoint"
"20468","2026-03-05T16:10:51Z","21589","SURVIVOR","","Range-Lookup not working for `vc_position` in GraphQL"
"19867","2026-03-05T14:56:33Z","21588","EXCLUDED","2a no test file in diff","Elements per page setting is discarded after editing an object"
"20894","2026-03-05T14:23:18Z",,"EXCLUDED","4d not closed-as-completed","Nav Menu DoesnÔÇÖt Collapse On Selection For Mobile"
"21557","2026-03-05T13:06:24Z",,"EXCLUDED","4d not closed-as-completed","Apply new table configuration overwrite existing object filter"
"21347","2026-03-03T16:26:45Z","21547","SURVIVOR","","Assigning IPv6 address to prefix from available pool starts from 0 instead of 1"
"21524","2026-03-03T15:37:46Z","21525","EXCLUDED","2a no test file in diff","An `IndexError` exception can be raised if stale cable paths exist"
"21429","2026-03-03T14:44:36Z","21453","EXCLUDED","2a no test file in diff","Cable ""Create & Add Another"" does not carry over termination types"
"21550","2026-03-03T13:01:05Z","21551","EXCLUDED","2a no test file in diff","Audit for missing pre-change snapshot calls"
"21527","2026-03-02T13:57:53Z","21530","EXCLUDED","2a no test file in diff","UI Bug with Displaying Primary IP Address with NAT IP on a Device"
"21381","2026-03-01T04:53:41Z",,"EXCLUDED","4d not closed-as-completed","4.5.0 to 4.5.2 - upgrade warning messages"
"19972","2026-03-01T04:38:17Z",,"EXCLUDED","4d not closed-as-completed","Netbox querying LDAP without credentials after session has been created"
"21518","2026-02-27T17:13:54Z","21523","EXCLUDED","2a no test file in diff","decimal custom field - value of 0.0 shows as if field is unset"
"21461","2026-02-26T06:16:16Z",,"EXCLUDED","1 no single merged fixing PR (count=0)","Installation or upgrade fails if accessing Redis over UNIX socket"
"21481","2026-02-25T20:20:53Z","21482","EXCLUDED","2a no test file in diff","Facility ID doesn't show in rack page."
"21510","2026-02-24T15:03:31Z",,"EXCLUDED","4d not closed-as-completed","Search function seems broken in 4.5.3 when searching custom field data"
"21505","2026-02-23T11:41:56Z",,"EXCLUDED","1 no single merged fixing PR (count=0)","device manufacturer / model is missing from device object view"
"20609","2026-02-21T04:31:06Z",,"EXCLUDED","4d not closed-as-completed","Swagger API documentation forgets the ""Token"" in authorization header"
"21478","2026-02-20T14:27:38Z","21479","EXCLUDED","2a no test file in diff","GraphQL union type resolution for connected endpoints uses `ConsolePortType` instead of `ConsolePort`"
"20911","2026-02-20T14:03:48Z","21101","EXCLUDED","2a no test file in diff","change 'module bay' sorting to be alphabetical when installing module"
"21490","2026-02-19T15:16:47Z",,"EXCLUDED","4d not closed-as-completed","Cannot filter on interfaces where `mark_connected` is true."
"21406","2026-02-19T13:29:06Z",,"EXCLUDED","4d not closed-as-completed","Changes in REMOTE_AUTH do not apply"
"20490","2026-02-18T20:37:41Z","21212","EXCLUDED","2a no test file in diff","Do not display scripts in the scripts list view if the user does not have permission to view them"
"21371","2026-02-17T13:16:00Z","21447","SURVIVOR","","Fail to trigger webhook when script job is completed"
"21412","2026-02-16T17:17:52Z","21415","EXCLUDED","2a no test file in diff","`AttributeError` exception raised on initialization when a plugin has local imports in `__init__.py`"
"21397","2026-02-16T13:54:35Z","21399","EXCLUDED","2a no test file in diff","Circuit-type ownership is not functioning as expected."
"21375","2026-02-16T13:53:17Z","21378","EXCLUDED","2a no test file in diff","ipam.0070_vlangroup_vlan_id_ranges fails during upgrade to v4.5.1: search indexer tries to read missing VLANGroup.comments"
"21127","2026-02-13T18:36:10Z",,"EXCLUDED","1 no single merged fixing PR (count=2)","Cable connection cleanup"
"21390","2026-02-13T18:27:26Z","21423","EXCLUDED","2a no test file in diff","ChangeLog for second interface after connect circuit"
"21425","2026-02-13T11:14:55Z",,"EXCLUDED","4d not closed-as-completed","The rack name must be unique in Site."
"21414","2026-02-13T10:50:54Z",,"EXCLUDED","1 no single merged fixing PR (count=0)","Netbox upgrade from v4.2.4 to v4.5.2 fails on database migration"
"21277","2026-02-13T10:41:42Z",,"EXCLUDED","1 no single merged fixing PR (count=2)","Pre-change snapshot is not recorded when adding cluster members via UI"
"20580","2026-02-13T04:38:04Z",,"EXCLUDED","4d not closed-as-completed","Related Objects not clickable in Custom Fields"
"20435","2026-02-12T10:30:34Z","21403","EXCLUDED","2a no test file in diff","Margin problem in the UI on the navigation menu"
"21358","2026-02-11T23:21:51Z","21391","SURVIVOR","","Exception when sorting by Token"
"21354","2026-02-11T19:35:14Z","21392","EXCLUDED","2a no test file in diff","Swagger-UI generates wrong URL's when BASE_PATH is used"
"20677","2026-02-09T15:18:44Z",,"EXCLUDED","4d not closed-as-completed","Permission Constraints dont work as intended"
"21197","2026-02-04T04:49:10Z",,"EXCLUDED","4d not closed-as-completed","Running a script manually breaks the schedule"
"21320","2026-02-03T15:32:09Z","21321","EXCLUDED","2a no test file in diff","Rack Direct Import - ""Rack has no site."""
"21168","2026-02-02T21:05:10Z","21344","EXCLUDED","2a no test file in diff","change ""create & add another"" behavior for application services"
"20902","2026-02-02T19:16:33Z","21252","SURVIVOR","","HTTPS Credentials with Data Sources and git with Bitbucket API Keys no longer working"
"21233","2026-02-02T16:17:32Z","21314","EXCLUDED","2a no test file in diff","UI Add horizontal padding to Release info section in Navigation menu"
"21269","2026-01-29T22:37:58Z","21308","SURVIVOR","","front port mappings do not come over when installing a module with front ports"
"21129","2026-01-29T20:29:34Z","21309","SURVIVOR","","RQ Jobs in non-model/default queues are kept when Jobs are deleted in DB and reinsert themselves"
"21318","2026-01-29T11:00:45Z",,"EXCLUDED","4d not closed-as-completed","When adding a module with front and rear ports to the device, no port mapping between the front and rear port"
"21262","2026-01-28T20:19:45Z","21306","EXCLUDED","2a no test file in diff","Scope and Scope type does not  get clone to child prefix"
"20977","2026-01-28T14:35:35Z","21295","SURVIVOR","","Run Again button does not respect script variable defaults"
"21254","2026-01-28T14:28:23Z","21282","EXCLUDED","2a no test file in diff","AttributeError: 'Version' object has no attribute 'dict' with packaging 26.0"
"21176","2026-01-27T15:08:39Z","21281","SURVIVOR","","Nothing happens if IP addresses and IP ranges are deleted at the same time"
"21305","2026-01-27T11:29:13Z",,"EXCLUDED","4d not closed-as-completed","Gap between Search and Sidebar on some Pages (The Dashboard)"
"20212","2026-01-27T00:35:37Z","788","EXCLUDED","2a no test file in diff","Thumbnails don't work with S3 storage"
"21202","2026-01-26T22:14:37Z","21265","EXCLUDED","2a no test file in diff","ScopedForm clears `scope` on clone because it doesnÔÇÖt distinguish cloning from editing"
"21115","2026-01-26T20:01:23Z","21245","EXCLUDED","2a no test file in diff","module type profiles custom JSON properties not being exported into YAML"
"21242","2026-01-26T19:34:48Z","21283","EXCLUDED","2a no test file in diff","Admin Menu is (mostly) missing for user with all permissions but no superuser status"
"21173","2026-01-26T18:34:58Z","21248","EXCLUDED","2a no test file in diff","Plugin Menu Registration Order"
"21206","2026-01-26T13:02:17Z",,"EXCLUDED","4d not closed-as-completed","L2VPNTerminationImportForm bulk update validation fails when interface/vlan fields omitted"
"21290","2026-01-26T11:50:13Z",,"EXCLUDED","4d not closed-as-completed","Additional white space column added when page extends beyond screen"
"20383","2026-01-23T17:26:28Z","21182","EXCLUDED","2a no test file in diff","When editing Device, removing Rack attribute does not remove Rack Face attribute"
"21214","2026-01-21T22:38:28Z","21219","SURVIVOR","","AutoSyncRecord not cleaned up when detaching Config Template from Data Source"
"21243","2026-01-21T14:04:20Z",,"EXCLUDED","4d not closed-as-completed","Native <optgroup> elements behave as sticky headers in Object Types multi-select"
"21167","2026-01-20T21:10:24Z",,"EXCLUDED","4d not closed-as-completed","Multiple housekeeping jobs are created and numbers are doubled each day"
"21139","2026-01-20T17:10:29Z","21192","EXCLUDED","2a no test file in diff","api /api/core does not support fields filter"
"21213","2026-01-20T16:50:33Z","21218","EXCLUDED","2a no test file in diff","Tag weight field allows empty value despite database constraint"
"21231","2026-01-20T16:15:15Z","21237","EXCLUDED","2a no test file in diff","ObjectTypeManager introspection not cached"
"21181","2026-01-20T16:07:20Z","21224","EXCLUDED","2a no test file in diff","Error 500 when supplying wrong Authorization token"
"21082","2026-01-19T16:28:10Z",,"EXCLUDED","4d not closed-as-completed","Unable to free a OOB IP from a device and reassign it"
"21208","2026-01-19T15:30:38Z",,"EXCLUDED","4d not closed-as-completed","slow response when selecting prefix list"
"21039","2026-01-19T14:56:08Z","21184","EXCLUDED","2a no test file in diff","avif and potential other image formats missing in list of acceptable extensions for handling filenames in image_upload"
"21051","2026-01-19T14:30:38Z","21188","EXCLUDED","2a no test file in diff","ObjectPermission object type selector includes internal/third-party models"
"21166","2026-01-19T13:54:40Z","21186","EXCLUDED","2a no test file in diff","4 Byte ASN filtering doesn't work via GraphQL"
"21160","2026-01-16T22:34:13Z",,"EXCLUDED","1 no single merged fixing PR (count=2)","""/dcim/interfaces"" not loading after v4.5.0 upgrade"
"21198","2026-01-16T18:36:13Z",,"EXCLUDED","4d not closed-as-completed","Unable to associate front ports to rear ports on a module type"
"21124","2026-01-16T13:28:40Z","21154","EXCLUDED","2a no test file in diff","Cannot map front port in module template since 4.5.0"
"21134","2026-01-16T09:23:29Z","21180","EXCLUDED","2a no test file in diff","Bulk rename Module Type reports ""None"""
"21140","2026-01-16T07:35:36Z","21153","EXCLUDED","2a no test file in diff","The translations on several pages are not working since v4.5.0"
"21118","2026-01-15T22:48:03Z","21164","EXCLUDED","2a no test file in diff","Updating a Site with a lot of Related Objects fails"
"21050","2026-01-15T22:47:02Z","21143","EXCLUDED","2a no test file in diff","Device OOB IP may become orphaned"
"21097","2026-01-15T22:44:24Z","21100","EXCLUDED","2a no test file in diff","GraphQL API does not support numeric comparisons for `id` filter"
"21141","2026-01-15T20:26:59Z",,"EXCLUDED","4d not closed-as-completed","Time and Date are not displayed as expected"
"20933","2026-01-15T19:37:18Z","21158","SURVIVOR","","ConfigContext API ignores data_path and data_file for Git data sources"
"21175","2026-01-15T17:47:06Z","21177","EXCLUDED","2a no test file in diff","Pending migration warning when `DEFAULT_LANGUAGE` is non-English"
"21152","2026-01-15T17:24:08Z",,"EXCLUDED","4d not closed-as-completed","Insufficient read permissions lead to unintended relationship deletion"
"21090","2026-01-15T16:57:53Z",,"EXCLUDED","4d not closed-as-completed","Changes to site object result in associated prefixes appearing in change log"
"20239","2026-01-14T20:50:36Z","21099","SURVIVOR","","`PluginMenuItem` and `PluginMenuButton` Share Mutable State Between Instances"
"21146","2026-01-14T13:06:39Z",,"EXCLUDED","4d not closed-as-completed","Unable to create port mappings on module types"
"21149","2026-01-14T12:26:52Z",,"EXCLUDED","4d not closed-as-completed","GraphiQL explorer just shows a white page"
"21109","2026-01-13T17:47:06Z",,"EXCLUDED","4d not closed-as-completed","Cable traces for circuit terminations do not work when connecting to front port"
"21102","2026-01-13T17:34:00Z","21135","EXCLUDED","2a no test file in diff","""Show GraphiQL Explorer"" button not working in 4.5.0"
"21117","2026-01-12T21:40:43Z","21132","SURVIVOR","","Unable to create v2 API tokens in 4.5 (API_TOKEN_PEPPERS is not defined)"
"19438","2026-01-12T19:27:29Z",,"EXCLUDED","4d not closed-as-completed","Create a config context based on a data source not possible via API"
"19901","2026-01-07T15:19:03Z","21080","EXCLUDED","2a no test file in diff","Error when import modules into device that doesn't have a name"
"20950","2026-01-06T15:38:43Z","21005","EXCLUDED","2a no test file in diff","ModuleBay API GET - Missing Properties"
"21067","2026-01-06T14:49:10Z",,"EXCLUDED","1 no single merged fixing PR (count=0)","IndexError when changing cable profile"
"21049","2026-01-06T01:19:48Z","21065","SURVIVOR","","Ignore stale custom field data when validating an object"
"21064","2026-01-05T21:38:17Z","21070","SURVIVOR","","Escaped colon in custom field choice is not preserved on edit"
"21063","2026-01-05T19:10:06Z","21066","EXCLUDED","2a no test file in diff","Custom Field Choice Set: Duplicate values result in missing options in Selection field UI"
"20857","2026-01-01T04:34:53Z",,"EXCLUDED","4d not closed-as-completed","Incorrect API result ""virtual_disk_count"" for some VM"
"19506","2025-12-31T15:50:40Z","21057","EXCLUDED","2a no test file in diff","Filtering MultiObjectVar for Custom Field does not works for related object = Module Bay Template"
"21045","2025-12-30T17:26:49Z","21056","SURVIVOR","","Unable to update the site"
"20320","2025-12-30T16:17:15Z","21006","SURVIVOR","","Related Interfaces are grayed out on multi inferface edit"
"20817","2025-12-30T16:05:09Z","21055","EXCLUDED","2a no test file in diff","Data Sources remove sync interval"
"21036","2025-12-30T14:45:12Z",,"EXCLUDED","4d not closed-as-completed","Visual Bug in the permissions page using Edge"
"20044","2025-12-29T22:27:04Z","21037","EXCLUDED","2a no test file in diff","Rack visualization is stuck at light mode"
"21020","2025-12-29T21:19:37Z",,"EXCLUDED","1 no single merged fixing PR (count=0)","Image attachment card shows every image instead of related"
"21032","2025-12-23T15:15:07Z","21033","EXCLUDED","2a no test file in diff","RestrictedQuerySet should skip secondary filtering when no constraints are in place"
"20756","2025-12-23T04:26:22Z",,"EXCLUDED","4d not closed-as-completed","Unable to trace the front-rear port connection after importing connections from CSV"
"21022","2025-12-22T19:31:13Z",,"EXCLUDED","1 no single merged fixing PR (count=0)","Owner field missing from several REST API serializers"
"21011","2025-12-22T19:19:21Z","21029","EXCLUDED","2a no test file in diff","`InternalError: cannot execute UPDATE` with read-only DB replica"
"20011","2025-12-22T19:12:37Z","21000","SURVIVOR","","Misleading Error Message and Logging Issue in Bulk Import"
"20948","2025-12-22T18:19:03Z","20949","EXCLUDED","2a no test file in diff","On delete order was breaked with RESTRICT action"
"20358","2025-12-22T15:28:45Z",,"EXCLUDED","4d not closed-as-completed","Config context API queries still slow for large installations despite DISTINCT optimization"
"20944","2025-12-22T14:48:44Z","20986","EXCLUDED","2a no test file in diff","Related objects ""clusters"" not updated for site-group"
"20114","2025-12-19T23:05:34Z","21019","EXCLUDED","2a no test file in diff","Bulk device import no longer works with parent/child devices when ""tags"" present in import data"
"20997","2025-12-18T19:10:33Z",,"EXCLUDED","1 no single merged fixing PR (count=0)","Ownership model is missing at permission object types"
"20824","2025-12-18T18:52:21Z",,"EXCLUDED","4d not closed-as-completed","The oldest config revision is activated when replicating NetBox"
"20876","2025-12-17T18:03:46Z","21002","EXCLUDED","2a no test file in diff","Editing IP inside a populated range fails with error: Cannot create IP address inside range"
"20565","2025-12-17T14:35:35Z",,"EXCLUDED","4d not closed-as-completed","Cannot add cable between patch panels -""All mid-span terminations must all be attached to the same device"""
"20491","2025-12-16T20:40:46Z","20963","SURVIVOR","","Generic API test harness miscompares `ArrayField(IntegerRangeField)` values (`NumericRange` vs inclusive pairs)"
"20969","2025-12-16T19:23:19Z","20987","EXCLUDED","2a no test file in diff","Front port templates: No results when rear_port_id filter is set"
"20912","2025-12-12T21:32:00Z","20974","SURVIVOR","","Module Bay Parent relation is partially broken"
"20875","2025-12-12T19:29:35Z","20956","EXCLUDED","2a no test file in diff","Interface does not appear under interfaces' site filter"
"20966","2025-12-12T00:44:17Z","20967","EXCLUDED","2a no test file in diff","Choices list scrolling bug in Edge/Chrome (ok in FireFox)"
"17976","2025-12-12T00:42:27Z","20958","SURVIVOR","","DeviceType_Count on Manufacturer"
"20560","2025-12-12T00:41:00Z","20937","SURVIVOR","","Bulk import prefixes with associated VLAN not working when multiple VLANs with the same vid exist. #18582"
"20873","2025-12-10T04:06:12Z","20955","EXCLUDED","2a no test file in diff","Event Rules on models that reference image files generate error"
"20759","2025-12-09T13:43:31Z","20931","SURVIVOR","","Unable to see full object type names when creating new permissions"
"19918","2025-12-08T15:06:47Z","20939","SURVIVOR","","Nested Module Bay Label's don't support {module} like Interface Label's do"
"20878","2025-12-03T23:47:32Z","20879","EXCLUDED","2a no test file in diff","Script run does not use database routing"
"20860","2025-12-01T23:04:23Z","20898","EXCLUDED","2a no test file in diff","Device interface missing changelog message on creation"
"20888","2025-12-01T18:35:45Z","20892","EXCLUDED","2a no test file in diff","Warnings about ""value should be an integer or Decimal instance"" after upgrade to 4.4.7"
"20852","2025-11-25T20:38:08Z",,"EXCLUDED","4d not closed-as-completed","Deletion of tag allowed when referenced in config context"
"20865","2025-11-25T18:52:05Z","20872","EXCLUDED","2a no test file in diff","Fix Longitude Field Validation Issue"
"20743","2025-11-25T14:21:40Z","20874","EXCLUDED","2a no test file in diff","ObjectChanges not created when running Script from EventRule"
"20822","2025-11-25T14:18:33Z","20855","EXCLUDED","2a no test file in diff","config-templates api, bulk edit & view forms are missing the ```auto_sync_enabled``` property"
"20839","2025-11-25T14:08:17Z","20847","EXCLUDED","2a no test file in diff","Object Type Filter is ignored in Custom Links & Saved Filters"
"20649","2025-11-25T00:28:36Z","20871","SURVIVOR","","API Endpoint /api/extras/scripts/ Exposes Script Metadata to Users Without Permissions"
"20859","2025-11-24T20:40:07Z","20870","EXCLUDED","2a no test file in diff","Dashboard crash 4.4.6"
"20638","2025-11-24T14:33:40Z","20777","SURVIVOR","","Swagger UI generating incorrect schemas for /users/users/ endpoint"
"19187","2025-11-23T04:13:04Z",,"EXCLUDED","4d not closed-as-completed","Wrong UN/LOCODEs in predefined base choice"
"19692","2025-11-23T04:13:03Z",,"EXCLUDED","4d not closed-as-completed","Unnecessary DB queries for API Endpoints"
"20856","2025-11-23T03:58:26Z",,"EXCLUDED","4d not closed-as-completed","manage.py full export complains about missing relation"
"20861","2025-11-21T20:39:44Z",,"EXCLUDED","4d not closed-as-completed","Python ""global flags not at the start of the expression"" on Device edit"
"20858","2025-11-21T13:20:03Z",,"EXCLUDED","4d not closed-as-completed","Scrollbar breaks div.page in chromium based browsers"
"20840","2025-11-20T20:00:55Z","20848","EXCLUDED","2a no test file in diff","RackType detail view and table reference `airflow`, but `RackType` has no `airflow` field"
"20827","2025-11-20T19:36:50Z","20835","EXCLUDED","2a no test file in diff","Light/Dark Theme toggle: Logo, button icon, and tooltip don't update until page refresh"
"20844","2025-11-20T19:26:10Z","20849","EXCLUDED","2a no test file in diff","Object Type filter is ignored for L2VPN Terminations"
"20740","2025-11-20T19:06:51Z","20830","EXCLUDED","2a no test file in diff","Permissions constraints are ignored when running script by API"
"20134","2025-11-20T17:04:39Z","20811","EXCLUDED","2a no test file in diff","htmx:oobErrorNoTarget on device page"
"20766","2025-11-20T00:07:13Z","20810","EXCLUDED","2a no test file in diff","German Static Media Failure file contains translated code"
"20798","2025-11-17T17:00:31Z",,"EXCLUDED","4d not closed-as-completed","Deleting a virtual chassis results in TypeError"
"20807","2025-11-17T15:10:00Z",,"EXCLUDED","4d not closed-as-completed","IP Address Filtering on a Device excludes FHRP Grps"
"20775","2025-11-17T13:52:00Z","20803","EXCLUDED","2a no test file in diff","Device bulk rename fails when a device with no name is selected"
"20465","2025-11-17T13:47:54Z","20796","EXCLUDED","2a no test file in diff","Custom Script ÔÇ£Edit ÔåÆ UploadÔÇØ creates a new file but NetBox continues to execute the old version"
"20432","2025-11-14T23:09:54Z","20770","SURVIVOR","","Unable to trace Cables when single Interfaces are connected across multiple Circuits"
"20797","2025-11-13T23:06:11Z",,"EXCLUDED","4d not closed-as-completed","Unable to schedule script via API"
"20660","2025-11-11T04:47:03Z","20783","EXCLUDED","2a no test file in diff","CustomStoragesLoader creates storage on every exec_module"
"20774","2025-11-11T03:54:36Z","20782","EXCLUDED","2a no test file in diff","Actions buttons labels are not translated"
"20750","2025-11-10T14:50:43Z","20761","EXCLUDED","2a no test file in diff","Permission Cloning fails with single action selected"
"20662","2025-11-08T04:23:19Z",,"EXCLUDED","4d not closed-as-completed","Migration failure for ""extras"" from container 3.4.0 -> 3.4.1 / 0133_make_cf_minmax_decimal.py / django.db.utils.DataError: numeric field overflow"
"20771","2025-11-07T23:27:42Z","20773","EXCLUDED","2a no test file in diff","JournalEntry Comments model is not set to allow empty (blank) comments"
"19449","2025-11-07T21:57:45Z",,"EXCLUDED","4d not closed-as-completed","export csv failed if htmx navigation enabled"
"20688","2025-11-07T18:38:56Z","20762","EXCLUDED","2a no test file in diff","No active configuration revision found"
"20755","2025-11-07T14:27:55Z","20763","EXCLUDED","2a no test file in diff","Duplicate Responses in filterqueries"
"20378","2025-11-07T01:14:30Z","20764","EXCLUDED","2a no test file in diff","Unable to delete data-source when script in-use"
"19932","2025-11-07T00:29:40Z",,"EXCLUDED","4d not closed-as-completed","Rack preview wipes page content with HTMX enabled"
"20738","2025-11-06T20:37:22Z","20739","SURVIVOR","","Deleting a virtual Chassis with members does not set the device member position to None"
"20670","2025-11-06T18:49:20Z","20717","SURVIVOR","","Device (Type) Import is missing component data type validation"
"20645","2025-11-06T18:42:53Z","20725","SURVIVOR","","Cable Bulk Uploads allow blank status fields"
"20653","2025-11-04T21:58:55Z","20674","EXCLUDED","2a no test file in diff","Filtering Jobs by Object Type return empty set"
"20721","2025-10-31T16:29:29Z","20724","EXCLUDED","2a no test file in diff","Background task job details breadcrumb links generate 404 errors"
"20697","2025-10-31T14:12:42Z","20704","EXCLUDED","2a no test file in diff","PerÔÇæsender duplicate signal registration causes CounterCacheField doubleÔÇæcounting"
"20566","2025-10-31T04:23:38Z",,"EXCLUDED","4d not closed-as-completed","Device Role Creation"
"20569","2025-10-31T04:23:36Z",,"EXCLUDED","4d not closed-as-completed","Interface_count does not sync"
"20647","2025-10-31T01:08:25Z","20702","SURVIVOR","","Interface Bulk Upload can create invalid WWN values"
"20664","2025-10-30T12:55:11Z",,"EXCLUDED","4d not closed-as-completed","Label respect on Racks"
"20713","2025-10-30T12:50:11Z","20714","EXCLUDED","2a no test file in diff","Pre-change snapshot is not recorded when adding/removing virtual chassis members via UI"
"20652","2025-10-29T20:13:58Z",,"EXCLUDED","4d not closed-as-completed","Script fails with KeyError when Optional Fields with defaults are missing from API payload"
"20699","2025-10-29T18:13:22Z","20708","SURVIVOR","","Misordered changelog entries after deleting a module with components"
"20701","2025-10-28T17:36:05Z",,"EXCLUDED","4d not closed-as-completed","""Create & Add Another"" Contact form refresh troubles"
"20610","2025-10-28T17:14:35Z","20611","SURVIVOR","","VLAN Group utilization is not being calculated correctly"
"20659","2025-10-28T12:05:21Z",,"EXCLUDED","1 no single merged fixing PR (count=0)","Interface tagged VLANs are listed out of order"
"20694","2025-10-28T00:07:54Z",,"EXCLUDED","4d not closed-as-completed","Query filters are removed when adding columns to table in list view"
"20422","2025-10-27T14:02:29Z","20626","EXCLUDED","2a no test file in diff","GraphQL StrFilterLookup filter on prefix field causes unexpected error with IPNetworkField"
"20655","2025-10-27T13:25:38Z","20676","EXCLUDED","2a no test file in diff","Server Error after selecting sort by one of the columns in Permissions"
"20389","2025-10-27T13:23:41Z","20672","SURVIVOR","","Bulk rename ""Select all XX matching query"" only operates on current page"
"20646","2025-10-25T15:22:04Z","20678","SURVIVOR","","Cable Bulk Uploads allow mark_connected AND a cable to be present (validation error)"
"20459","2025-10-25T15:10:21Z","20657","EXCLUDED","2a no test file in diff","is_oob and/or is_primary do not update to false in bulk update"
"20541","2025-10-24T19:58:33Z","20579","SURVIVOR","","Ensure all custom GraphQL filter methods apply `prefix` in `Q(...)` for nested filters"
"20641","2025-10-23T16:39:50Z","20642","SURVIVOR","","AttributeError in ObjectChangeViewSet browsable API: 'NoneType' object has no attribute 'model'"
"20637","2025-10-23T15:08:23Z","20665","EXCLUDED","2a no test file in diff","Filtering devices using the `q` filter takes excessively long when many inventory items are present"
"19872","2025-10-23T13:59:31Z","20651","SURVIVOR","","Script classes silently fail validation when inherited required fields are omitted from fieldsets"
"20656","2025-10-22T10:58:28Z",,"EXCLUDED","1 no single merged fixing PR (count=0)","Upgrade error django.db.utils.IntegrityError: duplicate key value violates unique constraint ""auth_permission_pkey"""
"20568","2025-10-21T17:47:04Z",,"EXCLUDED","4d not closed-as-completed","Migrations failing with ""`core_objecttype` already exists"" when upgrading from 4.3.7 to 4.4.x"
"20551","2025-10-21T12:33:11Z","20624","EXCLUDED","2a no test file in diff","Automatic slug generation doesn't work in quick-add modals"
"20606","2025-10-20T22:12:43Z","20633","EXCLUDED","2a no test file in diff","Cannot copy values from some columns"
"20498","2025-10-20T19:30:34Z","20625","SURVIVOR","","Validation Regex is not applied to URL Custom Fields"
"20466","2025-10-19T17:51:45Z","20538","EXCLUDED","2a no test file in diff","Unable to query devices with primary-ip set in GraphQL - ""Cannot resolve keyword 'assigned_object_id' into field"""
"20524","2025-10-19T17:29:15Z","20616","SURVIVOR","","Possibility to schedule script in the past"
"20600","2025-10-16T19:02:19Z",,"EXCLUDED","4d not closed-as-completed","Bad request 400 when cloning a big export template"
"20554","2025-10-15T18:16:52Z","20591","EXCLUDED","2a no test file in diff","ipam/services: GET parent_object_type - wrong data type - integer"
"20574","2025-10-15T18:09:24Z","20575","EXCLUDED","2a no test file in diff","Init storage at BaseScript level instead of within findstorage"
"20587","2025-10-15T18:09:05Z","20592","EXCLUDED","2a no test file in diff","upgrade.sh Fails with ""issubclass() arg 1 must be a class"""
"20584","2025-10-15T18:04:40Z","20589","EXCLUDED","2a no test file in diff","Interface template with PoE type set should require a PoE mode"
"20585","2025-10-15T17:51:34Z","20590","EXCLUDED","2a no test file in diff","API Swagger crashes when a model has a singleÔÇæfield `UniqueConstraint` without a condition (regression in monkeyÔÇæpatched DRF `get_unique_validators()`)"
"20588","2025-10-15T16:12:22Z",,"EXCLUDED","1 no single merged fixing PR (count=0)","4.4.3 fails to correctly install on a clean Ubuntu 24.04.3 LTS VM"
"19302","2025-10-14T16:19:12Z","20549","EXCLUDED","2a no test file in diff","API blocks creation of child region with same name as top-level region, but UI allows it"
"20156","2025-10-13T05:38:46Z","20556","EXCLUDED","2a no test file in diff","Elevation Labels incorrectly showing"
"19615","2025-10-12T23:49:43Z","20455","SURVIVOR","","Invalid version request parameter to S3 storage for static files"
"19507","2025-10-12T04:03:39Z",,"EXCLUDED","4d not closed-as-completed","Incorrect prefix status shown when quick search from Aggregates -> Prefixes view"
"19720","2025-10-10T14:52:07Z",,"EXCLUDED","4d not closed-as-completed","Permissions constraints not working for MAC Address objects"
"20553","2025-10-10T08:48:43Z",,"EXCLUDED","4d not closed-as-completed","API Tokens not visible users without superuser or staff role"
"19818","2025-10-09T21:54:24Z","20525","EXCLUDED","2a no test file in diff","Virtual machines: At creation, should not ask for Primary IPv4 and IPv6"
"20542","2025-10-09T21:43:01Z","20550","SURVIVOR","","Can't create new MAC address in the new form"
"19825","2025-10-09T06:36:42Z","20219","EXCLUDED","2a no test file in diff","In debug mode (only); executing any ./manage.py command resets the current configuration revision to #1."
"20532","2025-10-09T05:13:23Z",,"EXCLUDED","4d not closed-as-completed","Various pages try to load but then end up empty"
"20517","2025-10-09T05:09:49Z",,"EXCLUDED","4d not closed-as-completed","GraphQL attribute types inconsistent with REST api"
"20290","2025-10-08T17:00:28Z",,"EXCLUDED","1 no single merged fixing PR (count=3)","Upgrade from v3.7.8 to v4.4.0 fails on migration `users.0005_alter_user_table` (`core_objecttype` missing)"
"20497","2025-10-08T13:57:16Z","20514","SURVIVOR","","Filtering `VLANGroup` by `vid_ranges.contains` in GraphQL fails with ÔÇ£cannot cast type integer to int4rangeÔÇØ"
"20523","2025-10-08T13:56:16Z","20531","EXCLUDED","2a no test file in diff","templates/account/base.html doesn't account for passwordless options other than LDAP."
"20496","2025-10-07T17:12:00Z","20528","SURVIVOR","","MAX_PAGE_SIZE is not respected correctly on REST API calls"
"20471","2025-10-07T16:01:31Z","20478","SURVIVOR","","Saving a VLANGroup without changes creates a new changelog entry"
"20509","2025-10-07T15:48:04Z",,"EXCLUDED","4d not closed-as-completed","psycopg-c==3.2.10 package error"
"20475","2025-10-07T15:47:02Z","20479","EXCLUDED","2a no test file in diff","VLANGroup: Single VLAN IDs render as n-n after save"
"20507","2025-10-07T13:08:05Z","20522","EXCLUDED","2a no test file in diff","Contacts not returned for ASN via graphql API"
"20494","2025-10-06T19:09:58Z","20495","EXCLUDED","2a no test file in diff","REST API docs: `vid_ranges` POST example for VLANGroup is tripleÔÇænested (`[[[lo, hi]]]`) instead of `[[lo, hi]]`"
"20140","2025-10-06T14:13:15Z","20503","EXCLUDED","2a no test file in diff","Changing a site's region does not change the circuit or circuit-termination region"
"20370","2025-10-03T04:23:22Z",,"EXCLUDED","4d not closed-as-completed","Importing YAML breaks sequence IDs"
"18915","2025-10-03T04:03:36Z",,"EXCLUDED","4d not closed-as-completed","Unable to view or delete uploaded image attachments in Minio"
"20470","2025-10-02T17:04:59Z",,"EXCLUDED","4d not closed-as-completed","Absolute URL's in Trace breaking Load-Balancing"
"20243","2025-09-30T18:27:33Z","20450","EXCLUDED","2a no test file in diff","SystemHousekeepingJob runs multiple times in direct succession when executions were missed"
"18878","2025-09-30T18:26:54Z","20457","EXCLUDED","2a no test file in diff","Quickadd MAC address created when adding an interface can not be saves/set as primary"
"20461","2025-09-30T16:49:15Z",,"EXCLUDED","4d not closed-as-completed","Virtual machine memory conversion wrong"
"20425","2025-09-30T15:26:20Z","20444","EXCLUDED","2a no test file in diff","Preview in quick_add form trigger Preview outside but not in the modal itself"
"20365","2025-09-30T14:46:05Z","20407","EXCLUDED","2a no test file in diff","Generating OpenAPI schema triggers multiple warnings and errors"
"20441","2025-09-29T18:05:53Z","20446","EXCLUDED","2a no test file in diff","FieldError upon sorting by contact group"
"20392","2025-09-29T17:38:38Z","20431","EXCLUDED","2a no test file in diff","Interface list cleanup (typos, missing choice, ordering)"
"20379","2025-09-29T17:30:43Z",,"EXCLUDED","4d not closed-as-completed","Cannot reassign out-of-Band IP address for the parent device"
"20419","2025-09-29T16:14:17Z","20445","EXCLUDED","2a no test file in diff","Export button on IP Prefix page does not export."
"20135","2025-09-29T16:07:24Z",,"EXCLUDED","4d not closed-as-completed","Issue when adding VLANs to an interface (tagged mode)"
"20356","2025-09-29T13:27:38Z",,"EXCLUDED","4d not closed-as-completed","Jinja2 method for updateing or changing DB objects and files via rendered config template"
"18702","2025-09-28T04:03:35Z",,"EXCLUDED","4d not closed-as-completed","LookupError at /admin/plugins/installed-plugins/ when using plugins with dots in their name"
"19576","2025-09-27T04:03:31Z",,"EXCLUDED","4d not closed-as-completed","Tracing yields ZeroDivisionError after Deleting a Rear Port"
"20436","2025-09-26T22:22:38Z",,"EXCLUDED","4d not closed-as-completed","Bulk deletions do not respect filter applied to view"
"20390","2025-09-22T11:15:54Z","20393","EXCLUDED","2a no test file in diff","Pagination dropdown consumes all horizontal space"
"20395","2025-09-22T05:47:33Z",,"EXCLUDED","1 no single merged fixing PR (count=0)","500 when updating devices via PATCH /api/dcim/devices"
"19565","2025-09-21T04:03:30Z",,"EXCLUDED","4d not closed-as-completed","Minor: Cant unselect sorting when zoomed in browser"
"20398","2025-09-19T20:13:48Z","20401","EXCLUDED","2a no test file in diff","Min/max validation failures for numeric fields is misleading"
"20253","2025-09-19T14:52:04Z","20288","EXCLUDED","2a no test file in diff","GraphQL filter location list by contacts"
"20375","2025-09-18T19:08:51Z","20387","EXCLUDED","2a no test file in diff","Bulk edit with filter applies to all Virtual Machines"
"20362","2025-09-16T12:10:07Z",,"EXCLUDED","4d not closed-as-completed","Change to the ordering of 'add_button' parameters broke fix #19990"
"20298","2025-09-15T23:49:44Z","20359","EXCLUDED","2a no test file in diff","Add placeholder image thumbnail if image loading error"
"20342","2025-09-15T18:37:03Z",,"EXCLUDED","1 no single merged fixing PR (count=0)","createsuperuser management command fails"
"20327","2025-09-15T17:04:57Z","20346","SURVIVOR","","API requests that fetch a larger number of devices are very slow when using config contexts"
"20236","2025-09-12T22:41:50Z","20315","SURVIVOR","","New image attachment index breaks if image name contains a slash"
"20197","2025-09-12T13:53:09Z","20337","EXCLUDED","2a no test file in diff","Interface parent virtual chassis validation error"
"20336","2025-09-12T12:16:59Z",,"EXCLUDED","4d not closed-as-completed","Prerequisite - Add Link"
"20331","2025-09-11T21:49:55Z",,"EXCLUDED","4d not closed-as-completed","IndexError during reindex command when ImageAttachment filenames contain forward slashes"
"20329","2025-09-11T20:28:08Z","20330","EXCLUDED","2a no test file in diff","`InconsistentMigrationHistory` raised when migrating from v4.3.7"
"19519","2025-09-11T19:30:48Z",,"EXCLUDED","4d not closed-as-completed","NetBox superuser cannot access System or Plugins pages without Staff status"
"20242","2025-09-11T15:46:05Z","20322","EXCLUDED","2a no test file in diff","Event Rule on MACAddress - Custom Script fail with error"
"20317","2025-09-11T12:19:41Z",,"EXCLUDED","4d not closed-as-completed","The warning for creating a virtual circuit type has a broken link"
"20275","2025-09-10T19:46:09Z",,"EXCLUDED","4d not closed-as-completed","Legacy actions for views no longer working in NetBox 4.4.0"
"20272","2025-09-10T17:00:23Z","20291","EXCLUDED","2a no test file in diff","ConfigContext doesn't evaluate parent locations"
"20217","2025-09-09T19:33:12Z","20261","EXCLUDED","2a no test file in diff","VLAN Groups show ""0 VLANS Available"" following a range if the last VLAN in the range exists"
"20264","2025-09-08T17:53:17Z","20280","EXCLUDED","2a no test file in diff","PluginTable: `title_long` column drops plugin icon"
"19744","2025-09-08T17:40:21Z","20267","EXCLUDED","2a no test file in diff","Unable to sort plugins list by Active column"
"19729","2025-09-08T14:51:03Z","20289","EXCLUDED","2a no test file in diff","GraphQL interface filter 'kind' no longer works since 4.3"
"20215","2025-09-08T13:25:51Z","20274","EXCLUDED","2a no test file in diff","GraphQL ConfigContextFilter requires fields in filter"
"19851","2025-09-05T21:59:39Z","20273","EXCLUDED","2a no test file in diff","'WirelessLANImportForm' has no field named 'scope'."
"20282","2025-09-05T20:26:13Z","20283","EXCLUDED","2a no test file in diff","Fix styling of prerequisite objects warning"
"20252","2025-09-05T20:10:25Z","20279","EXCLUDED","2a no test file in diff","Duplicate ÔÇ£AddÔÇØ buttons on child object list views"
"20221","2025-09-05T19:54:26Z","20276","SURVIVOR","","JSON custom field with default value `{}` is set as `null`"
"20258","2025-09-05T19:07:13Z","20278","EXCLUDED","2a no test file in diff","Minor UI typos in InventoryItem bulk import, ContactGroup bulk edit, and RQ worker template"
"20260","2025-09-05T14:58:08Z",,"EXCLUDED","4d not closed-as-completed","ICU error when running upgrade.sh"
"20234","2025-09-05T13:01:29Z","20268","EXCLUDED","2a no test file in diff","Add button broken for ""Before you can add a power feed you must first create a power panel."""
"20227","2025-09-05T12:05:37Z","20256","EXCLUDED","2a no test file in diff","markdown syntax not rendering consistently in comments"
"19896","2025-09-04T23:10:06Z","20207","EXCLUDED","2a no test file in diff","Min/max values for decimal custom fields must be an integer"
"20238","2025-09-04T20:42:14Z","20257","EXCLUDED","2a no test file in diff","Tunnel Termination Bulk Import fails when importing outside_ip"
"19811","2025-09-04T16:44:54Z",,"EXCLUDED","4d not closed-as-completed","No longer possible to get a list of objects by ID in GraphQL API (Netbox 4.3)"
"20223","2025-09-02T17:25:53Z",,"EXCLUDED","4d not closed-as-completed","platform.manufacturer and device_type.manufacturer must be the same"
"20218","2025-09-02T16:08:11Z",,"EXCLUDED","4d not closed-as-completed","5G Interface cannot be connected to as a Termination A part of a circuit."
"20216","2025-09-02T15:55:07Z",,"EXCLUDED","1 no single merged fixing PR (count=0)","Journal ÔÇô search and custom field"
"20184","2025-08-29T14:22:18Z",,"EXCLUDED","4d not closed-as-completed","AWS_STORAGE_BUCKET_NAME env variable ignored when using S3 storage (using MinIO)"
"20199","2025-08-28T18:39:06Z",,"EXCLUDED","4d not closed-as-completed","REST API - can't change mode of tagged Interface to ""access"" or null"
"20154","2025-08-28T16:43:29Z",,"EXCLUDED","1 no single merged fixing PR (count=0)","Device missing changelog message"
"18916","2025-08-26T15:47:22Z","20177","EXCLUDED","2a no test file in diff","DynamicModelChoiceField doesn't render error message on submit"
"20159","2025-08-25T18:50:11Z",,"EXCLUDED","4d not closed-as-completed","DynamicModelChoiceField does not propagate required error in UI"
"20164","2025-08-25T18:38:32Z","20171","EXCLUDED","2a no test file in diff","Adding Power outlets in bulk"
"19970","2025-08-25T18:33:43Z","20141","EXCLUDED","2a no test file in diff","hierarchical device role does not report device count correctly"
"20120","2025-08-25T12:57:36Z","20166","EXCLUDED","2a no test file in diff","/api/core/background-tasks/ returns TypeError"
"18606","2025-08-25T04:07:26Z",,"EXCLUDED","4d not closed-as-completed","UI Racks Table View Performance Scaling Problem - Loading time increases with large number of racks - django N+1 query issue"
"20157","2025-08-22T23:13:25Z","20167","EXCLUDED","2a no test file in diff","Internal Server Error when using a user group in a notification group used for object change notifications"
"18749","2025-08-22T04:03:34Z",,"EXCLUDED","4d not closed-as-completed","Swagger: Bulk Delete of IPAddress"
"20043","2025-08-21T16:09:45Z","20139","EXCLUDED","2a no test file in diff","Rack elevation images override page styling when loading in"
"20091","2025-08-21T15:09:39Z",,"EXCLUDED","4d not closed-as-completed","/dcim/sites/ Columns Missing After Upgrade from  4.2.6 to 4.3.6."
"20012","2025-08-21T14:27:02Z","20072","SURVIVOR","","Custom fields of type 'object' don't work with 'empty' filter expression"
"20073","2025-08-20T18:26:25Z",,"EXCLUDED","4d not closed-as-completed","HTML injection in Custom Field Choice description field allows content spoofing"
"20137","2025-08-20T17:58:17Z",,"EXCLUDED","1 no single merged fixing PR (count=0)","`get_for_model()` method on ObjectType manager does not reliably resolve instances to classes"
"19669","2025-08-15T20:22:04Z","20046","EXCLUDED","2a no test file in diff","Media assets not reachable anymore through api requests since media requires Authentication"
"19645","2025-08-15T18:54:19Z","20041","SURVIVOR","","VC Member Interfaces Missing from Cable Add View"
"20098","2025-08-15T18:34:22Z","20099","EXCLUDED","2a no test file in diff","AttributeError during Tag Bulk Import"
"19909","2025-08-15T04:24:51Z",,"EXCLUDED","4d not closed-as-completed","An exception when attempting to view IP addresses filtered by a specific VRF."
"19997","2025-08-13T12:11:26Z",,"EXCLUDED","4d not closed-as-completed","Keywordlookup not working"
"20056","2025-08-11T17:40:02Z","20071","EXCLUDED","2a no test file in diff","RF-Role missing in `generated_schema.json`"
"19596","2025-08-11T13:07:00Z",,"EXCLUDED","4d not closed-as-completed","Image attachments cause weird horizontal scrolling"
"20023","2025-08-08T19:14:57Z","20059","EXCLUDED","2a no test file in diff","Deleting prefixes with large number of children (Performance)"
"19996","2025-08-08T13:52:04Z","20040","EXCLUDED","2a no test file in diff","IP filter for service add form"
"19998","2025-08-08T10:17:32Z","20026","EXCLUDED","2a no test file in diff","No changelogs entry for deleted tags"
"19988","2025-08-08T00:51:16Z",,"EXCLUDED","1 no single merged fixing PR (count=0)","Cannot delete an ObjectType"
"20033","2025-08-08T00:29:11Z","20034","EXCLUDED","2a no test file in diff","Bulk deletion of bookmarks raises TypeError exception"
"20045","2025-08-07T20:40:57Z",,"EXCLUDED","1 no single merged fixing PR (count=0)","Conflicting migrations detected"
"19379","2025-08-07T12:56:08Z","20024","SURVIVOR","","Unable to specify single VLAN IDs in range when creating a VLAN group"
"20028","2025-08-07T12:20:49Z",,"EXCLUDED","1 no single merged fixing PR (count=0)","Bulk delete buton missing from user notifications view"
"20030","2025-08-06T20:49:53Z","20036","EXCLUDED","2a no test file in diff","Increased button sizes since v4.3.4 causing visual oddities"
"19999","2025-08-06T19:08:57Z","20021","SURVIVOR","","Bad formatting with Script list widget in dashboard"
"19986","2025-08-05T12:26:50Z",,"EXCLUDED","1 no single merged fixing PR (count=0)","Plugin list view buttons not working (url wrong)"
"19812","2025-08-04T22:16:21Z","20015","EXCLUDED","2a no test file in diff","No longer possible to query for prefixes or IP ranges containing another prefix via graphql (Netbox 4.3)"
"20017","2025-08-04T21:27:40Z","20018","EXCLUDED","2a no test file in diff","changelog: pre/post data change color does not take into account scrollbar"
"19917","2025-08-04T14:15:06Z","19961","EXCLUDED","2a no test file in diff","Inconsistent data being returned from new dcim.mac_addresses endpoint"
"20009","2025-08-04T13:12:50Z","20010","EXCLUDED","2a no test file in diff","DOM-based XSS vulnerability in search export link"
"19987","2025-08-01T19:20:15Z",,"EXCLUDED","1 no single merged fixing PR (count=0)","Changelog message appears on delete confirmation dialog even if not a change logged model"
"20007","2025-08-01T19:12:34Z",,"EXCLUDED","1 no single merged fixing PR (count=0)","Trying to Migrate a branch generates django.db.utils.ProgrammingError"
"20006","2025-08-01T19:12:27Z",,"EXCLUDED","1 no single merged fixing PR (count=0)","Changes in branch shown in main"
"20001","2025-08-01T18:31:51Z","20002","EXCLUDED","2a no test file in diff","`is_api_request()` returns False if content type is not set to ""application/json"""
"19321","2025-08-01T14:23:59Z","19993","SURVIVOR","","Bulk importing devices extremely slow"
"19848","2025-08-01T12:35:21Z",,"EXCLUDED","4d not closed-as-completed","SyncError(""Fetching remote data failed (KeyError): (b'core',)"")"
"19985","2025-07-31T19:10:25Z",,"EXCLUDED","1 no single merged fixing PR (count=0)","Migration changed name causing migration conflict"
"19874","2025-07-31T16:15:14Z",,"EXCLUDED","4d not closed-as-completed","Scripts endpoint not working after v4.3.3 upgrade (from 4.2.6)"
"19886","2025-07-30T04:30:56Z",,"EXCLUDED","4d not closed-as-completed","Reset of dashboard causes type error"
"18900","2025-07-29T16:49:38Z","19943","SURVIVOR","","The REST API paginator should raise an exception if attempting to paginate an unordered queryset"
"19956","2025-07-28T13:49:09Z","19957","SURVIVOR","","Deleting nested device roles in bulk via REST API results in duplicate change records"
"19954","2025-07-25T15:45:30Z",,"EXCLUDED","4d not closed-as-completed","Rack preview shows always images and labels"
"19952","2025-07-25T15:31:18Z",,"EXCLUDED","1 no single merged fixing PR (count=0)","Change Log Request IDs not opening"
"19911","2025-07-24T16:04:56Z",,"EXCLUDED","1 no single merged fixing PR (count=0)","Bulk editing device components does not redirect to original view"
"19934","2025-07-23T20:41:01Z","19937","SURVIVOR","","Description field missing from tenant bulk edit form"
"19916","2025-07-23T12:45:41Z","19936","EXCLUDED","2a no test file in diff","Rack Elevation Image/Label Drop-down Does Nothing"
"19935","2025-07-23T12:30:04Z",,"EXCLUDED","4d not closed-as-completed","Port description from device type not appear on new device"
"19929","2025-07-22T17:18:40Z",,"EXCLUDED","1 no single merged fixing PR (count=0)","Parent device missing in IP Addresses table"
"19798","2025-07-16T04:26:48Z",,"EXCLUDED","4d not closed-as-completed","""ManyToManyField with through and restrict() returns no results for related model from another plugin"""
"18626","2025-07-16T04:15:32Z",,"EXCLUDED","4d not closed-as-completed","Missing api documentation for ""POST /api/extras/scripts/"""
"19633","2025-07-15T15:25:26Z","19885","SURVIVOR","","process_event_rules() broke all events when condition evaluation contains None values."
"19876","2025-07-15T14:55:27Z","19877","EXCLUDED","2a no test file in diff","Markdown filter incorrectly applied to the `description` field for custom field choice sets"
"19839","2025-07-15T12:42:45Z","19860","EXCLUDED","2a no test file in diff","Export function does not export parent relations"
"19413","2025-07-15T12:41:40Z","19881","EXCLUDED","2a no test file in diff","Filter tab: Custom fields are not grouped"
"19828","2025-07-14T19:42:54Z","19879","EXCLUDED","2a no test file in diff","GraphQL: expose L2VPN termination in interface"
"19800","2025-07-14T19:22:53Z","19803","SURVIVOR","","Module type import does not assign profile"
"19750","2025-07-14T19:22:52Z",,"EXCLUDED","4d not closed-as-completed","no cluster list with a large number of virtual servers"
"19866","2025-07-14T16:40:41Z",,"EXCLUDED","4d not closed-as-completed","RSS widget can no longer display atom feed correctly"
"19864","2025-07-14T16:26:23Z",,"EXCLUDED","4d not closed-as-completed","Long Lists Not Available for Selection through GUI"
"19861","2025-07-14T16:20:07Z",,"EXCLUDED","4d not closed-as-completed","Webhook not fired for the cable object when a device is deleted"
"19827","2025-07-14T16:13:45Z","19859","SURVIVOR","","Unique device role"
"19875","2025-07-14T15:04:09Z",,"EXCLUDED","1 no single merged fixing PR (count=0)","Replacing M2M values in a branch causes conflicts"
"19785","2025-07-10T18:54:55Z",,"EXCLUDED","4d not closed-as-completed","Event Rule Condition Issue"
"19850","2025-07-10T15:38:01Z",,"EXCLUDED","4d not closed-as-completed","GraphQL PrefixFilter prefix:contains doesn't work anymore"
"19855","2025-07-10T15:30:41Z",,"EXCLUDED","4d not closed-as-completed","Can't remove a user which have audit logs"
"19809","2025-07-10T06:22:31Z",,"EXCLUDED","4d not closed-as-completed","exception when reassign oob ip for a device."
"19833","2025-07-08T15:39:21Z",,"EXCLUDED","1 no single merged fixing PR (count=0)","argument of type 'NoneType' is not iterable"
"19806","2025-07-02T19:02:50Z","19807","SURVIVOR","","No entry point exists to mark a background job as failed"
"18727","2025-06-29T04:13:39Z",,"EXCLUDED","4d not closed-as-completed","Query for advanced object selector does not use query_params defined on input"
"19745","2025-06-26T16:09:16Z","19756","SURVIVOR","","Cannot import Service with IP address and parent object"
"19640","2025-06-26T16:00:58Z","19712","EXCLUDED","2a no test file in diff","GraphQL: Filtering FHRP group assignments by device/VM is not available"
"19644","2025-06-25T19:00:27Z","19651","EXCLUDED","2a no test file in diff","Atomic transactions go to default database by default"
"19754","2025-06-24T15:24:58Z",,"EXCLUDED","1 no single merged fixing PR (count=0)","plugins install but not reacheable"
"19683","2025-06-24T04:24:39Z",,"EXCLUDED","4d not closed-as-completed","Changing an IP range over reserved IP addresses is not blocked"
"19686","2025-06-24T04:24:37Z",,"EXCLUDED","4d not closed-as-completed","Trying to switch pages in rack elevations throws error: htmx:targetError"
"19711","2025-06-23T14:44:24Z",,"EXCLUDED","1 no single merged fixing PR (count=0)","Quick Add for MAC address doesn't work in my browsers"
"19748","2025-06-23T13:43:12Z",,"EXCLUDED","4d not closed-as-completed","Front port ""knows"" interface at other end of the cable, but interface doesn't know the front port back"
"18665","2025-06-22T04:10:42Z",,"EXCLUDED","4d not closed-as-completed","OpenAPI Model error for Interface Traces"
"19702","2025-06-19T13:41:41Z","19709","EXCLUDED","2a no test file in diff","Deleting a ""Notification Group"" causes Server Error ""NotificationGroup matching query does not exist"" in the Event Rule edit view"
"18638","2025-06-19T04:08:34Z",,"EXCLUDED","4d not closed-as-completed","Text input suggestion dropdowns are invisible in Firefox"
"19708","2025-06-16T12:48:55Z",,"EXCLUDED","4d not closed-as-completed","Cannot add/edit Scripts"
"19529","2025-06-16T12:17:39Z","19698","EXCLUDED","2a no test file in diff","CLI script invocation is broken in NetBox 4.3.1"
"19666","2025-06-15T16:15:25Z",,"EXCLUDED","4d not closed-as-completed","/dcim/sites throws error after upgrade to 4.3.1"
"19655","2025-06-13T21:54:08Z",,"EXCLUDED","4d not closed-as-completed","Custom scripts in symlinked path don't work"
"19700","2025-06-13T21:34:49Z",,"EXCLUDED","4d not closed-as-completed","Webhook {{data}} no longer supports tojson"
"19680","2025-06-13T21:09:00Z","19681","SURVIVOR","","ObjectChange incorrect ordering for GenericRelation references"
"19595","2025-06-13T04:24:11Z",,"EXCLUDED","4d not closed-as-completed","Changing an existing device in a rack that will ""bump"" into another device doesn't error"
"19697","2025-06-12T19:16:18Z",,"EXCLUDED","4d not closed-as-completed","New Install - current database's encoding is not supported with this provider"
"19687","2025-06-12T14:49:10Z","19691","SURVIVOR","","Treat cellular interface type as not connectable"
"19555","2025-06-11T17:41:46Z","19693","EXCLUDED","2a no test file in diff","Error calling Script with schedule_at specified via API"
"19684","2025-06-10T14:56:56Z","19688","EXCLUDED","2a no test file in diff","pyproject.toml version needs bump to 4.3.2"
"19659","2025-06-10T12:49:24Z","19672","EXCLUDED","2a no test file in diff","No automatic filter for service add form"
"19673","2025-06-09T18:12:49Z","19674","EXCLUDED","2a no test file in diff","Circuits View not working with custom fields"
"19617","2025-06-09T14:21:29Z","19682","EXCLUDED","2a no test file in diff","Inconsistent styling of Connect buttons"
"19677","2025-06-09T12:45:41Z","19678","EXCLUDED","2a no test file in diff","IPAM FilterSet: `filter_present_in_vrf` method returns queryset.none instead of calling it when VRF is None"
"18549","2025-06-08T04:10:32Z",,"EXCLUDED","4d not closed-as-completed","Devices render-config swagger spec is incorrect"
"19665","2025-06-06T19:27:07Z","19676","EXCLUDED","2a no test file in diff","`WirelessLink` model validation references wrong field"
"19667","2025-06-06T18:25:20Z","19671","EXCLUDED","2a no test file in diff","Using Module Type profile without schema generates TypeError"
"17935","2025-06-06T04:07:29Z",,"EXCLUDED","4d not closed-as-completed","Device type selector on new Device form incorrectly remembers previously cleared search queries"
"18567","2025-06-06T04:07:22Z",,"EXCLUDED","4d not closed-as-completed","InterfaceTemplate ordering does not match the order on an actual device"
"19545","2025-06-05T12:29:02Z",,"EXCLUDED","4d not closed-as-completed","Housekeeping task output triggers emails via anacron"
"18538","2025-06-05T04:08:05Z",,"EXCLUDED","4d not closed-as-completed","ISOLATED_DEPLOYMENT not respected after login"
"19610","2025-06-04T20:50:13Z","19612","SURVIVOR","","FieldError in tunnel termination table when sorting on tenant/tenant_group"
"19599","2025-06-04T20:17:35Z","19630","EXCLUDED","2a no test file in diff","Sorting Changelog table in User detail page crashes on Time, Action, Request ID columns."
"19487","2025-06-04T16:48:25Z","19600","SURVIVOR","","Field 'termination' does not generate an automatic reverse relation and therefore cannot be used for reverse querying."
"19537","2025-06-04T15:16:50Z",,"EXCLUDED","4d not closed-as-completed","Mark Utilized IP Range not decreased from IP Prefix"
"19637","2025-06-04T09:19:04Z",,"EXCLUDED","1 no single merged fixing PR (count=0)","Console ports created via script not showing in UI"
"19587","2025-06-03T14:34:41Z","19631","SURVIVOR","","API not returning wireless link for occupied filter"
"19623","2025-06-03T13:03:45Z","19629","EXCLUDED","2a no test file in diff","Provider account description missing"
"19561","2025-06-03T13:01:00Z",,"EXCLUDED","4d not closed-as-completed","Cant view my user profile, it shows an exception."
"19509","2025-06-03T04:23:58Z",,"EXCLUDED","4d not closed-as-completed","Unable to delete custom script when file is missing"
"19508","2025-05-31T04:23:21Z",,"EXCLUDED","4d not closed-as-completed","Bulk import of prefixes"
"19489","2025-05-30T04:23:38Z",,"EXCLUDED","4d not closed-as-completed","Error on compilemessages on new 4.3.1 version"
"19414","2025-05-29T17:46:15Z",,"EXCLUDED","4d not closed-as-completed","Module type with token {module} fails to be inserted in module bays"
"19598","2025-05-29T14:34:14Z",,"EXCLUDED","4d not closed-as-completed","Scripts run on command line fail with extras.models.scripts.ScriptModule.DoesNotExist: ScriptModule matching query does not exist."
"19593","2025-05-28T22:55:09Z",,"EXCLUDED","1 no single merged fixing PR (count=0)","Changing table config should not change filter"
"19026","2025-05-28T21:52:43Z",,"EXCLUDED","4d not closed-as-completed","Bulk Import behavior"
"19585","2025-05-28T21:37:28Z",,"EXCLUDED","4d not closed-as-completed","If you create objects (cables, devices, IPs, almost everything...) without specifying a tenant while you have no rights to create them without a tenant, they are still created as ÔÇ£zombiesÔÇØ and cannot be deleted."
"19490","2025-05-28T13:00:21Z","19570","SURVIVOR","","Jinja2 template fails to render when it contains include statements"
"19520","2025-05-27T17:32:37Z","19588","SURVIVOR","","Unable to change prefix scope via api"
"17890","2025-05-25T04:07:33Z",,"EXCLUDED","4d not closed-as-completed","PATCH on an object blocked by object-based write permissions returns 404 instead of 403, despite the user having read permissions for that object"
"18120","2025-05-25T04:07:25Z",,"EXCLUDED","4d not closed-as-completed","Degradation of GraphQL and Rest API query performance"
"19544","2025-05-22T13:13:32Z",,"EXCLUDED","4d not closed-as-completed","Contact tab backend error"
"19496","2025-05-22T12:09:59Z","19527","EXCLUDED","2a no test file in diff","Page error on config render with empty output"
"19475","2025-05-22T00:24:46Z","19485","SURVIVOR","","VM Interface VLAN availibility when cluster and VLAN group scope is dcim.location"
"19415","2025-05-19T12:38:31Z","19495","EXCLUDED","2a no test file in diff","Circuit Distances = Django Error: A field with precision 10, scale 4 must round to an absolute value less than 10^6."
"19510","2025-05-16T19:30:08Z","19525","EXCLUDED","2a no test file in diff","GraphQL filtering IP Addresses by `assigned` no longer works"
"19486","2025-05-15T14:40:04Z","19498","EXCLUDED","2a no test file in diff","Cards in Console Server Port page are rendered incorrectly"
"19464","2025-05-13T17:23:03Z","19477","EXCLUDED","2a no test file in diff","Bulk editing inventory items fails because no device is selected by default"
"19463","2025-05-13T17:22:16Z","19481","EXCLUDED","2a no test file in diff","Plugin table has no ""Save"" option"
"19444","2025-05-13T15:40:00Z","19456","EXCLUDED","2a no test file in diff","Contact group assignments are not recorded in changelog"
"19465","2025-05-13T15:21:08Z","19479","EXCLUDED","2a no test file in diff","Unable to clear scope assignment from prefix"
"19472","2025-05-13T15:12:56Z","19480","EXCLUDED","2a no test file in diff","VDC page shows ""Unnamed device"" when Device column is enabled"
"19440","2025-05-12T18:13:32Z","19443","EXCLUDED","4a more than 20 files (32)","Data migrations do not use connection provided by the schema editor"
"19397","2025-05-12T18:05:14Z","19400","EXCLUDED","2a no test file in diff","Wrong enum for role in Graphql IPRangeFilter"
"19381","2025-05-12T15:32:19Z","19418","EXCLUDED","2a no test file in diff","Unable to add script"
"19470","2025-05-12T12:15:09Z",,"EXCLUDED","4d not closed-as-completed","Exception with global search"
"19432","2025-05-09T14:38:48Z","19446","EXCLUDED","2a no test file in diff","Server error mentionning wrong PostgreSQL requirement"
"19100","2025-05-09T04:23:35Z",,"EXCLUDED","4d not closed-as-completed","config_context is not included in default Webhook Payload any more"
"19439","2025-05-08T18:00:13Z",,"EXCLUDED","4d not closed-as-completed","Tables in cards ignore `default_colums` and show all columns instead"
"19437","2025-05-08T15:42:06Z",,"EXCLUDED","4d not closed-as-completed","Contact has no field named 'group'"
"19361","2025-05-07T15:29:53Z","19373","EXCLUDED","2a no test file in diff","Wrong data type for some GraphQL fields"
"19427","2025-05-07T14:37:30Z",,"EXCLUDED","4d not closed-as-completed","Mark as populated not available if editing multiple ranges"
"19411","2025-05-07T13:32:24Z",,"EXCLUDED","4d not closed-as-completed","Problem after upgrading netbox from 3.7.8 to 4.3.0 ValueError"
"19421","2025-05-07T12:56:02Z",,"EXCLUDED","4d not closed-as-completed","Search returns a server error when results include a contact after 'group/groups' change"
"19309","2025-05-06T16:47:45Z","19304","EXCLUDED","2a no test file in diff","N+1 problem in dcim/ipam API calls"
"19412","2025-05-06T15:09:39Z",,"EXCLUDED","1 no single merged fixing PR (count=0)","API: 500 Internal Server Error when creating multiple modules of the same type on the same device"
"19406","2025-05-06T14:46:58Z",,"EXCLUDED","1 no single merged fixing PR (count=0)","Netbox News Dashboard Widget Causing Run Off The Page"
"18914","2025-05-05T19:10:25Z",,"EXCLUDED","4d not closed-as-completed","API POST requests fail when REMOTE_AUTH_HEADER is enabled"
"19396","2025-05-05T14:16:07Z","19401","EXCLUDED","2a no test file in diff","QinQ role not nullable"
"19380","2025-05-05T13:29:33Z","19390","EXCLUDED","2a no test file in diff","Parent Prefixes section at IP Address detail view reveals too many columns"
"19395","2025-05-05T11:28:07Z",,"EXCLUDED","4d not closed-as-completed","Global search breaks when searching for contacts"
"19392","2025-05-03T11:48:40Z",,"EXCLUDED","4d not closed-as-completed","ProgrammingError at /ipam/services/"
"19382","2025-05-02T20:02:31Z",,"EXCLUDED","4d not closed-as-completed","Rack Elevation: can only concatenate str (not ""int"") to str"
"19376","2025-05-02T19:24:10Z","19389","EXCLUDED","2a no test file in diff","Searching for a contact results in ""Contact has no field named 'group'"" error"
"19375","2025-05-02T17:13:29Z","19385","EXCLUDED","2a no test file in diff","Unable to change column layout after loading a saved view"
"19386","2025-05-02T15:30:31Z",,"EXCLUDED","4d not closed-as-completed","Server Error Performing Global Search"
"19368","2025-05-01T17:22:35Z",,"EXCLUDED","4d not closed-as-completed","Consistent coalescing of Enums across APIs"
"19365","2025-04-30T17:14:17Z","19366","EXCLUDED","2a no test file in diff","Plugin Detail Page Title Displays HTML Instead of Plugin Name"
"19320","2025-04-30T15:50:30Z","19345","EXCLUDED","2a no test file in diff","VMInterface template does not display Q-in-Q Service VLAN"
"19346","2025-04-30T13:01:56Z","19347","EXCLUDED","2a no test file in diff","Redirect URLs are not sanitized in some cases"
"19359","2025-04-30T12:10:55Z",,"EXCLUDED","4d not closed-as-completed","Can't bulk edit interfaces without selecting type"
"19354","2025-04-29T18:30:21Z",,"EXCLUDED","4d not closed-as-completed","$user token in permissions constraint not behaving according to documentation"
"19343","2025-04-29T11:43:46Z",,"EXCLUDED","4d not closed-as-completed","None object has no get_absolute_url"
"18632","2025-04-28T17:35:55Z",,"EXCLUDED","1 no single merged fixing PR (count=0)","Graphql: NOT filter is not working with tags"
"18706","2025-04-28T15:45:02Z","19332","SURVIVOR","","Changing scope of VLAN group breaks possible VLAN association"
"19229","2025-04-28T12:48:21Z","19301","EXCLUDED","2a no test file in diff","cant unset a device interface vlan mode without an error"
"19281","2025-04-28T12:45:55Z","19282","EXCLUDED","2a no test file in diff","Unable to create a service from a template"
"19117","2025-04-28T12:41:30Z","19119","EXCLUDED","2a no test file in diff","Bulk import throws exception when certain custom field attributes are defined"
"19322","2025-04-25T17:20:26Z","19323","EXCLUDED","2a no test file in diff","Bulk import URL path is incorrect"
"19296","2025-04-25T12:16:05Z",,"EXCLUDED","1 no single merged fixing PR (count=0)","Value after * must be an iterable, not NoneType"
"19319","2025-04-25T11:52:52Z",,"EXCLUDED","4d not closed-as-completed","Unable to batch add interfaces to bridge"
"18717","2025-04-24T19:24:21Z","19308","EXCLUDED","2a no test file in diff","DCIM Interface: ObjectChange missing for deleted untagged VLANs"
"19228","2025-04-24T18:00:42Z","19293","EXCLUDED","2a no test file in diff","Reverse for 'script_jobs' with arguments '('',)' not found"
"19300","2025-04-24T12:44:15Z",,"EXCLUDED","4d not closed-as-completed","Change from multiple Interface"
"19204","2025-04-23T20:57:49Z","19297","EXCLUDED","2a no test file in diff","Job hanging / Event Rule for virtual machine model launching custom script causes job to hang"
"19217","2025-04-23T18:22:00Z","19289","EXCLUDED","2a no test file in diff","Debug Toolbar is missing #3"
"19275","2025-04-23T17:49:23Z","19283","EXCLUDED","2a no test file in diff","Interface Bulk Edit requires interface ""type"""
"19279","2025-04-23T17:49:23Z","19283","EXCLUDED","2a no test file in diff","Inventory Item Bulk Add requires field ""status"""
"19264","2025-04-23T17:43:39Z",,"EXCLUDED","1 no single merged fixing PR (count=0)","Loading of Saved Table Config in ChildrenViews is not possible"
"19263","2025-04-23T14:38:55Z",,"EXCLUDED","1 no single merged fixing PR (count=0)","Edit and Delete Buttons for `mark_populated` IPRange on ListView Link to IPAddress Instead of IPRange"
"19266","2025-04-23T13:02:00Z",,"EXCLUDED","1 no single merged fixing PR (count=0)","`Copy to Clipboard` for IPAddress ListView is Broken"
"18714","2025-04-22T20:57:53Z",,"EXCLUDED","1 no single merged fixing PR (count=0)","GraphQL: - GraphQL not showing ALL connected cables"
"18081","2025-04-22T20:51:31Z",,"EXCLUDED","1 no single merged fixing PR (count=0)","GraphQL permissions don't match Rest API"
"18157","2025-04-22T20:49:36Z",,"EXCLUDED","1 no single merged fixing PR (count=0)","GraphQL alias filter affects all properties of the same type"
"18961","2025-04-22T18:36:13Z","19259","EXCLUDED","2a no test file in diff","Devices already assigned to a Virtual Chassis addable to new VC upon creation"
"19268","2025-04-22T18:07:05Z","19271","EXCLUDED","2a no test file in diff","Device form does not validate initialization time to mitigate editing conflicts"
"19230","2025-04-22T15:55:33Z","19261","EXCLUDED","2a no test file in diff","Inconsistent behaviour with Label on front port when using range"
"19166","2025-04-22T15:29:01Z","19257","EXCLUDED","2a no test file in diff","""base_choices"" is not working in custom field choice bulk import"
"18757","2025-04-22T14:31:09Z",,"EXCLUDED","1 no single merged fixing PR (count=0)","Cannot filter on Tags in Custom Scripts"
"18959","2025-04-22T14:08:14Z","19256","EXCLUDED","2a no test file in diff","Cable Trace visual issue"
"19224","2025-04-22T13:36:34Z",,"EXCLUDED","1 no single merged fixing PR (count=0)","Upgrade to v4.3-beta1 fails if FIELD_CHOICES is in use"
"19225","2025-04-22T13:35:04Z",,"EXCLUDED","1 no single merged fixing PR (count=0)","GraphQL filter functionality missing in v4.3.0-beta1"
"18435","2025-04-22T12:59:04Z",,"EXCLUDED","4d not closed-as-completed","Strawberry Graphql does not allow extension by plugins"
"18500","2025-04-22T12:14:33Z","19252","EXCLUDED","2a no test file in diff","`prepare_cloned_fields()` should check for cloning support on model"
"19012","2025-04-22T11:49:26Z",,"EXCLUDED","4d not closed-as-completed","List of Object Types in the Event Rule configuration is unreliable"
"18881","2025-04-21T16:11:02Z","18932","EXCLUDED","2a no test file in diff","Site Groups are missing VLAN and VM related objects"
"19213","2025-04-21T14:39:29Z",,"EXCLUDED","1 no single merged fixing PR (count=0)","Broken rendering of dropdowns above object lists"
"19243","2025-04-21T14:30:47Z",,"EXCLUDED","1 no single merged fixing PR (count=0)","forms.CheckboxSelectMultiple does not render properly"
"19216","2025-04-17T17:10:20Z",,"EXCLUDED","1 no single merged fixing PR (count=0)","demo.netbox.dev: After delete anything we can't do any actions"
"19158","2025-04-17T17:05:22Z",,"EXCLUDED","1 no single merged fixing PR (count=0)","IP Range's `get_child_ips` does not return IP Addresses with different prefix lengths"
"19212","2025-04-16T14:27:55Z",,"EXCLUDED","1 no single merged fixing PR (count=0)","New user can see ""Admin"" tab on first login (No permission is set)"
"19150","2025-04-16T12:35:50Z",,"EXCLUDED","4d not closed-as-completed","STORAGES Dictionary Ignores OPTIONS for Azure Storage in NetBox 4.2.7"
"18669","2025-04-15T20:26:04Z","19115","EXCLUDED","2a no test file in diff","Default values for custom_fields are ignored in API when custom_fields section is used"
"19195","2025-04-15T20:03:34Z","19197","EXCLUDED","2a no test file in diff","Language cookie should respect `SESSION_COOKIE_SECURE` value"
"19193","2025-04-15T16:16:18Z",,"EXCLUDED","4d not closed-as-completed","Debug toolbar is missing"
"19045","2025-04-15T15:04:56Z",,"EXCLUDED","4d not closed-as-completed","Custom Scripts page doesn't load"
"19169","2025-04-15T14:13:59Z","19181","EXCLUDED","2a no test file in diff","Remove padding from search-highlight"
"19189","2025-04-15T13:58:15Z","19190","EXCLUDED","2a no test file in diff","The `load_yaml()` convenience method on BaseScript should use SafeLoader"
"19149","2025-04-14T21:10:34Z",,"EXCLUDED","4d not closed-as-completed","Upgrading from v3.3.5 to a newer version results in error with mkdocs"
"19173","2025-04-14T17:27:41Z",,"EXCLUDED","1 no single merged fixing PR (count=0)","The caption of the form for saving table configurations is wrong"
"18696","2025-04-14T14:46:27Z",,"EXCLUDED","1 no single merged fixing PR (count=0)","new FHRP group assignment does not work, group dropdown is empty"
"19048","2025-04-14T14:30:22Z",,"EXCLUDED","1 no single merged fixing PR (count=0)","ChangeLoggedFilterSetTests fails if TIME_ZONE setting is set"
"19159","2025-04-13T23:29:44Z",,"EXCLUDED","4d not closed-as-completed","error when trying to view VM or host for filter humanize_ram_megabytes"
"19007","2025-04-13T04:38:27Z",,"EXCLUDED","4d not closed-as-completed","POST /api/extras/config-templates/ request does not load template from data_file"
"19036","2025-04-13T04:38:25Z",,"EXCLUDED","4d not closed-as-completed","GraphQL frequently returns Null in a site_list primary_ip4 query"
"19132","2025-04-11T13:14:50Z",,"EXCLUDED","4d not closed-as-completed","Failed to establish connection to NetBox API from Ansible"
"19148","2025-04-11T13:03:35Z",,"EXCLUDED","4d not closed-as-completed","Cable trace results in path split"
"18955","2025-04-11T12:20:25Z","18971","EXCLUDED","2a no test file in diff","Dropdown widgets for required fields should not include a ""clear"" button"
"18921","2025-04-10T04:23:54Z",,"EXCLUDED","4d not closed-as-completed","Server Error when accessing VPN tunnels terminations tab"
"18998","2025-04-10T04:23:53Z",,"EXCLUDED","4d not closed-as-completed","Problems with Cluster Group"
"19122","2025-04-09T21:57:26Z","19126","EXCLUDED","2a no test file in diff","/static/netbox-light.css not found but used in netbox/templates/500.html"
"19092","2025-04-09T18:55:42Z","19102","EXCLUDED","2a no test file in diff","Regression: Bulk Edit fails to update Scope when using ContentTypeChoiceField (HTMX)"
"19030","2025-04-08T21:02:09Z","19118","EXCLUDED","2a no test file in diff","Action buttons display below table page-link buttons"
"19107","2025-04-08T17:06:03Z",,"EXCLUDED","4d not closed-as-completed","DCIM.Devices: Platform gets cleared when device type is changed"
"19105","2025-04-08T00:44:09Z",,"EXCLUDED","4d not closed-as-completed","Related object links from sites to circuit termination not working"
"19099","2025-04-07T19:58:04Z",,"EXCLUDED","4d not closed-as-completed","Plugin installation after Upgrade not working anymore"
"19089","2025-04-07T16:47:18Z",,"EXCLUDED","4d not closed-as-completed","Webhook not sending json formatted data when using Charfield with multiple lines"
"19072","2025-04-04T19:32:50Z",,"EXCLUDED","1 no single merged fixing PR (count=0)","Plugin catalog in GUI not working"
"18553","2025-04-04T17:58:07Z","19086","EXCLUDED","2a no test file in diff","Virtualization: Modifying a cluster field also modifies member virtual machine sites"
"19082","2025-04-04T16:32:43Z",,"EXCLUDED","4d not closed-as-completed","Bulk edit in filters only edits visible objects"
"19071","2025-04-03T15:03:41Z",,"EXCLUDED","4d not closed-as-completed","Location Sorting doesn't represent hierarchy anymore on v4.2.5"
"19063","2025-04-03T02:20:31Z",,"EXCLUDED","4d not closed-as-completed","Management command sqlmigrate doesn't work"
"19041","2025-04-02T12:29:28Z","19051","SURVIVOR","","IndexError: list index out of range when adding a new front port with a label"
"19058","2025-04-02T10:08:18Z",,"EXCLUDED","4d not closed-as-completed","`get_absolute_url()` not working correctly for plugin"
"18918","2025-04-02T04:23:37Z",,"EXCLUDED","4d not closed-as-completed","Encoding issue api/ipam/prefixes/"
"19047","2025-04-01T16:01:46Z",,"EXCLUDED","4d not closed-as-completed","VLAN search does not return all results"
"18738","2025-04-01T14:09:42Z","19015","EXCLUDED","2a no test file in diff","Script List is ignoring specified sort order of scripts"
"18964","2025-03-31T22:36:05Z","18997","EXCLUDED","2a no test file in diff","The function of selecting all devices fails."
"19023","2025-03-31T21:34:47Z","19024","SURVIVOR","","`get_field_value()` does not recognize null field values on bound forms"
"18895","2025-03-28T15:58:10Z","19027","EXCLUDED","2a no test file in diff","GraphQL Error when querying `connected_endpoints` on `interface_list` without `cabled: true` filter"
"18999","2025-03-28T14:57:57Z","19016","EXCLUDED","2a no test file in diff","GraphQL: Querying for Manufacturer on Inventory-Items leads to nun-null error"
"18494","2025-03-27T16:36:07Z",,"EXCLUDED","4d not closed-as-completed","Bulk edit only modifies visible Devices"
"19021","2025-03-27T13:58:38Z","19022","EXCLUDED","2a no test file in diff","JSONField loses styling if custom `help_text` is passed"
"18965","2025-03-27T12:39:53Z","19013","EXCLUDED","2a no test file in diff","The direct execution button on the custom script list page fails to work."
"18991","2025-03-26T17:12:53Z","19006","SURVIVOR","","Path tracing broken for front/rear ports in REST API"
"18856","2025-03-26T16:32:18Z",,"EXCLUDED","4d not closed-as-completed","Related Objects not showing for a user that has limited permissions"
"18868","2025-03-25T16:04:06Z",,"EXCLUDED","4d not closed-as-completed","Device selector does not work"
"18904","2025-03-24T21:02:37Z","18938","EXCLUDED","2a no test file in diff","Configure Table in Config Context doesn't show Tags column"
"18977","2025-03-24T15:50:31Z",,"EXCLUDED","4d not closed-as-completed","graphQL query returns null in attributes"
"18949","2025-03-21T18:00:55Z","18974","EXCLUDED","2a no test file in diff","The TenantType in GraphQL is missing the contacts property"
"18887","2025-03-20T20:55:13Z","18945","SURVIVOR","","'VMInterface' object has no attribute 'get'"
"18933","2025-03-20T16:30:41Z","18947","EXCLUDED","2a no test file in diff","VLANGroupFilterSet site_group field doesn't match VLANGroupFilterForm  sitegroup field"
"18944","2025-03-20T13:12:06Z","18946","EXCLUDED","2a no test file in diff","Clearing ""Widget type"" field produces a ValueError: Unregistered widget class:"
"18967","2025-03-20T12:56:11Z",,"EXCLUDED","4d not closed-as-completed","Migration from 3.7.8 to 4.2.1"
"18968","2025-03-20T12:50:51Z",,"EXCLUDED","4d not closed-as-completed","https://mysite/dcim/devices/"
"18833","2025-03-19T13:56:43Z","18874","EXCLUDED","2a no test file in diff","Inventory Item Bulk Import - 'InventoryItemImportForm' has no field named 'component_id'."
"18928","2025-03-19T13:51:13Z","18929","EXCLUDED","2a no test file in diff","Bulk deletion of expired changelog records does not support cascades"
"18872","2025-03-19T13:40:56Z","18901","EXCLUDED","2a no test file in diff","Treatment of `kind` field on JournalEntry is inconsistent"
"18954","2025-03-19T12:31:16Z",,"EXCLUDED","4d not closed-as-completed","Unable to access dcim/devices/"
"18782","2025-03-18T18:45:25Z","18854","SURVIVOR","","Dashboard broken after adding widget"
"18926","2025-03-18T12:48:28Z","18931","EXCLUDED","2a no test file in diff","Incorrect Icon for base Github authentication in login form"
"18884","2025-03-17T15:43:09Z","18908","EXCLUDED","2a no test file in diff","`deserialize_object()` does not account for resolved tags in object data"
"18906","2025-03-17T15:35:36Z",,"EXCLUDED","4d not closed-as-completed","Lists markdown not working in Virtual Machine Comments field"
"18863","2025-03-13T20:38:35Z","18867","EXCLUDED","2a no test file in diff","List views of self-nesting (recursive) object types are displayed incorrectly"
"18845","2025-03-13T13:22:50Z","18861","EXCLUDED","2a no test file in diff","Cannot sort Devices by device NAME"
"18888","2025-03-13T12:46:23Z",,"EXCLUDED","4d not closed-as-completed","Wrong Gb division"
"18409","2025-03-12T22:55:59Z","18826","EXCLUDED","2a no test file in diff","Poor performance in cable trace API calls: N+1 problem"
"18869","2025-03-12T18:42:40Z","18883","SURVIVOR","","Numeric conversion utility functions do not account for floating point errors"
"18557","2025-03-12T17:00:42Z","18846","EXCLUDED","2a no test file in diff","Editing a Custom Field with Default Value does not pre-populate form with correct value"
"18838","2025-03-11T19:18:43Z","18860","SURVIVOR","","Local Context Data can be set to non-none falsy values"
"18742","2025-03-11T15:13:25Z","18804","EXCLUDED","2a no test file in diff","Location List and Locations not Showing Associated VLAN Groups"
"18582","2025-03-11T12:46:48Z","18844","EXCLUDED","2a no test file in diff","Bulk import prefixes with associated VLAN not working when multiple VLANs with the same vid exist."
"18851","2025-03-10T13:52:38Z",,"EXCLUDED","4d not closed-as-completed","IP Address Bulk Create misses DNS name field"
"18813","2025-03-06T15:36:29Z",,"EXCLUDED","4d not closed-as-completed","Docker: SOCIAL_AUTH_AZUREAD_OAUTH2_KEY environment vaiable doesn't work"
"18608","2025-03-06T04:23:33Z",,"EXCLUDED","4d not closed-as-completed","Misleading error message when attempting to assign an already assigned device to a device bay with CSV import"
"18622","2025-03-06T04:23:32Z",,"EXCLUDED","4d not closed-as-completed","HTTPS Git Data Source, public repo, failing to sync, no username found"
"18729","2025-03-05T23:52:01Z","18805","EXCLUDED","2a no test file in diff","Netbox API returns duplicate resources during paging with offset"
"18753","2025-03-05T14:34:19Z","18802","EXCLUDED","2a no test file in diff","Webhooks trigger on custom script dry-run"
"18819","2025-03-05T14:06:59Z",,"EXCLUDED","1 no single merged fixing PR (count=0)","custom field value not shown in summary"
"18799","2025-03-04T16:30:55Z",,"EXCLUDED","4d not closed-as-completed","GraphQL query does not show mac addresses on interface"
"18800","2025-03-04T16:13:53Z",,"EXCLUDED","4d not closed-as-completed","Data is not passed when using runscript"
"18787","2025-03-04T15:49:57Z",,"EXCLUDED","4d not closed-as-completed","Ansible netbox.netbox.netbox_vm_interface does not add MAC address"
"18615","2025-03-03T20:25:36Z",,"EXCLUDED","4d not closed-as-completed","Parent module position not propagated to nested module name"
"18768","2025-03-03T14:35:01Z","18784","SURVIVOR","","Unable to remove a secondary MAC address from an interface"
"18639","2025-03-01T04:23:01Z",,"EXCLUDED","4d not closed-as-completed","Prefixes - Wrong depth"
"18758","2025-02-28T15:28:11Z","18763","EXCLUDED","2a no test file in diff","`FieldError` when trying so sort on `Account count` field in Providers list"
"18141","2025-02-26T19:25:40Z","18746","EXCLUDED","2a no test file in diff","Support ""Quick Add"" for plugins"
"18737","2025-02-26T13:16:32Z",,"EXCLUDED","4d not closed-as-completed","Graphql OR for 'tag' returns no results"
"17796","2025-02-25T22:44:11Z",,"EXCLUDED","1 no single merged fixing PR (count=2)","Custom Field Choices -> Create & Add Another causes IndexError"
"18722","2025-02-25T17:59:27Z","18728","EXCLUDED","2a no test file in diff","Custom scripts failures"
"18605","2025-02-25T14:31:50Z","18724","SURVIVOR","","Prefix vlan assignment shows vlan for all sites but not only prefix's site"
"18674","2025-02-21T19:04:52Z","18685","EXCLUDED","2a no test file in diff","Selecting speed on add Circuit Termination causes form to be wiped"
"18697","2025-02-21T14:01:57Z",,"EXCLUDED","4d not closed-as-completed","<class 'TypeError'>  'NoneType' object is not iterable while adding multiple IP Address"
"18619","2025-02-20T15:17:45Z","18662","EXCLUDED","2a no test file in diff","Shift-click selection selects hidden interfaces"
"18594","2025-02-20T15:01:09Z","18634","EXCLUDED","2a no test file in diff","Cannot Sort By asn_count Column For Sites Table And Providers View Table"
"18675","2025-02-20T13:50:18Z",,"EXCLUDED","1 no single merged fixing PR (count=0)","Missing Sync Datasource permission for non Superuser users"
"18585","2025-02-18T18:33:08Z","18641","SURVIVOR","","Filtering circuits by location not working"
"18657","2025-02-18T16:23:08Z",,"EXCLUDED","1 no single merged fixing PR (count=0)","Token lenght for API Tokens"
"18555","2025-02-18T14:11:33Z","18607","SURVIVOR","","Plugins not covered by get_absolute_url()"
"18628","2025-02-12T13:33:42Z",,"EXCLUDED","4d not closed-as-completed","Config Context render issue in dark mode"
"18507","2025-02-12T04:22:59Z",,"EXCLUDED","4d not closed-as-completed","API ipam.ip-address.filter and multiple parent prefixes unreliable"
"18593","2025-02-11T13:31:41Z","18602","EXCLUDED","2a no test file in diff","""Create & Add Another"" broken for new IP addresses"
"18480","2025-02-10T14:47:00Z","18612","EXCLUDED","2a no test file in diff","runscript cli comand does not pass cleaned data to script"
"18247","2025-02-10T14:42:09Z","18617","EXCLUDED","2a no test file in diff","Disabled Cable Trace/Path Buttons in Device Interface View are invisible in Dark Mode"
"18126","2025-02-07T20:34:43Z",,"EXCLUDED","4d not closed-as-completed","GraphQL: querying ip_address_list with filtering on a parent will not work even if the scheme describes this as StrFilterLookup"
"18443","2025-02-07T04:23:16Z",,"EXCLUDED","4d not closed-as-completed","Port speed and upstream speed dropdowns don't work when adding circuit termination if a termination type has been selected first"
"18461","2025-02-07T04:23:15Z",,"EXCLUDED","4d not closed-as-completed","Unable to use the Selector/Filter"
"18013","2025-02-06T22:21:48Z","18551","EXCLUDED","2a no test file in diff","All saved filters showing up for Change Log table, regardless of defined object type"
"18241","2025-02-06T21:30:29Z","18501","EXCLUDED","2a no test file in diff","Script results `log_threshold` should default to Default"
"18580","2025-02-05T22:04:38Z",,"EXCLUDED","4d not closed-as-completed","VirtualCircuit has no field named 'provider'"
"18514","2025-02-05T21:40:58Z",,"EXCLUDED","1 no single merged fixing PR (count=0)","Missing ""IP's Available"" button"
"18497","2025-01-31T19:42:40Z","18532","EXCLUDED","2a no test file in diff","Global Search generates exception when search string matches virtual circuit id"
"18181","2025-01-31T19:33:27Z","18542","EXCLUDED","2a no test file in diff","Create & Add another IP address on interfaces is not working correctly "
"18154","2025-01-31T19:25:21Z","18544","EXCLUDED","2a no test file in diff","Cannot change default table preferences for anonymous users"
"18383","2025-01-31T04:22:59Z",,"EXCLUDED","4d not closed-as-completed","Import Wireless Links"
"18515","2025-01-28T20:20:53Z","18516","EXCLUDED","2a no test file in diff","Djangos collectstatic fails with DEBUG=True and no Redis service running"
"18433","2025-01-27T18:50:29Z","18444","EXCLUDED","2a no test file in diff","MAC address not shown as ""primary for interface"" in MAC address detail view"
"18481","2025-01-24T14:08:24Z",,"EXCLUDED","4d not closed-as-completed","Sorting prefixes by scope causes server error"
"18456","2025-01-24T00:50:14Z","18450","EXCLUDED","2a no test file in diff","Duplicate MAC address attribute"
"18447","2025-01-24T00:50:14Z","18450","EXCLUDED","2a no test file in diff","Sort by MAC address crashes ""interfaces"" tab view..."
"18436","2025-01-24T00:45:55Z","18445","EXCLUDED","2a no test file in diff","Unassigning MAC Address from interface does not reset primary mac address"
"17797","2025-01-21T15:16:02Z",,"EXCLUDED","1 no single merged fixing PR (count=0)","Updating an interface via the api and sending lowercase mac_address creates a pointless changelog"
"18438","2025-01-21T14:48:36Z","18439","EXCLUDED","2a no test file in diff","IPAM migration 0072 not performant with large number of existing prefixes"
"18446","2025-01-21T13:38:16Z",,"EXCLUDED","4d not closed-as-completed","Sort by MAC address cashes ""interface"" tab view..."
"18420","2025-01-21T12:40:21Z",,"EXCLUDED","1 no single merged fixing PR (count=0)","Get devices filter on site_group slug"
"18442","2025-01-21T03:08:57Z",,"EXCLUDED","4d not closed-as-completed","Unable to add device to a cluster, resulting in a error"
"18369","2025-01-17T19:02:14Z","18388","EXCLUDED","2a no test file in diff","JSON serializer issue for Protection Rules defined in configuration.py"
"18392","2025-01-17T18:14:06Z","18427","EXCLUDED","2a no test file in diff","Virtual Machine wrongfully inheriting config context from site's location"
"18379","2025-01-17T15:25:23Z","18424","EXCLUDED","2a no test file in diff","XSS in RSS Feed Summary Tag can lead to RCE or SuperUser Creation - CVE-2024-56915"
"18400","2025-01-17T14:04:52Z","18401","EXCLUDED","2a no test file in diff","4.2x Netbox version breaks Django-storage STORAGE_BACKEND"
"18406","2025-01-17T13:52:13Z","18418","EXCLUDED","2a no test file in diff","Unable to View IPAM > Prefixes when sorting by SCOPE"
"18336","2025-01-17T13:45:18Z","18395","EXCLUDED","2a no test file in diff","After changing Rack to use ""too small"" RackType, not able to change RackType again, remove it, or make other edits to Rack"
"18373","2025-01-17T13:35:18Z","18375","EXCLUDED","2a no test file in diff","Cannot Assign devices to Cluster"
"18350","2025-01-17T13:28:44Z","18351","EXCLUDED","2a no test file in diff","Global search which matches CircuitTermination results in ""CircuitTermination has no field named 'site'"""
"18415","2025-01-16T16:39:31Z",,"EXCLUDED","4d not closed-as-completed","Change of Mac addresses not possible via API"
"18394","2025-01-15T11:25:09Z",,"EXCLUDED","1 no single merged fixing PR (count=0)","mac address object cannot be assigned an interface via REST API"
"18146","2025-01-11T04:22:58Z",,"EXCLUDED","4d not closed-as-completed","Patch Terminaison C├óbles "
"18376","2025-01-10T14:10:38Z","18377","EXCLUDED","2a no test file in diff","Tagged VLANs not showing in interface table when using 802.1Q Mode = Q-in-Q (802.1ad). "
"18368","2025-01-09T19:53:05Z","18370","EXCLUDED","2a no test file in diff","Tags on MAC addresses can be created/accessed with the web UI but not the API"
"18363","2025-01-09T18:55:20Z","18367","SURVIVOR","","cant create vm mac-address via api"
"18359","2025-01-09T17:02:27Z",,"EXCLUDED","4d not closed-as-completed","Fix wrong <code>'s"
"18282","2025-01-08T14:54:02Z","18335","EXCLUDED","2a no test file in diff","Unable to sort prefixes by VLAN name/ID (regardless of site)"
"18329","2025-01-08T13:59:56Z","18345","EXCLUDED","2a no test file in diff","[GraphQL] Only one primary IP is shown when querying"
"18337","2025-01-08T05:27:14Z",,"EXCLUDED","4d not closed-as-completed","Breadcrumb link error?"
"18316","2025-01-07T15:47:06Z","18322","EXCLUDED","2a no test file in diff","Server error in search"
"18314","2025-01-07T15:40:00Z","18315","EXCLUDED","2a no test file in diff","Server Error then login with superuser Account"
"18327","2025-01-07T15:35:51Z",,"EXCLUDED","4d not closed-as-completed","error after update to NetBox 4.2.0: requires_internet"
"18324","2025-01-07T15:34:41Z","18326","EXCLUDED","2a no test file in diff","Link to prefixes in Site view is wrong"
"18328","2025-01-07T15:30:10Z",,"EXCLUDED","4d not closed-as-completed","'GenericRel' object has no attribute 'verbose_name' error when trying to search something on Netbox"
"18318","2025-01-07T15:28:28Z","18325","EXCLUDED","2a no test file in diff","Mentoning of manufacturer is double in ""Module Types/Interface"""
"18263","2025-01-06T14:54:14Z","18264","EXCLUDED","2a no test file in diff","Cable terminations are not refreshed correctly on API PATCH of Cable"
"18288","2025-01-06T14:53:03Z","18298","EXCLUDED","2a no test file in diff","Error when selcting to view IP address details"
"18008","2025-01-04T04:22:58Z",,"EXCLUDED","4d not closed-as-completed","Cable bulk import unsupported for power feed terminations"
"18289","2025-01-03T17:35:05Z","18292","EXCLUDED","2a no test file in diff","Module Types cannot be sorted by ""Last updated"""
"18271","2025-01-03T17:34:00Z","18272","EXCLUDED","2a no test file in diff","IPSec-Proposal optional field is required when sending HTTP Post request via API"
"18222","2025-01-03T14:39:07Z","18273","SURVIVOR","","Event action_data not passed to webhooks"
"18278","2024-12-30T19:00:37Z",,"EXCLUDED","1 no single merged fixing PR (count=0)","MAC Addresses table missing Description column"
"18203","2024-12-30T17:36:56Z","18254","EXCLUDED","2a no test file in diff","Graceful error handling for selecting a scope type without a specific scope instance"
"18182","2024-12-27T21:12:14Z",,"EXCLUDED","4d not closed-as-completed","Error while serializing object"
"18260","2024-12-23T15:27:26Z","18262","EXCLUDED","2a no test file in diff","Object changes are not logged after upgrade to v4.1.9"
"18201","2024-12-19T11:38:50Z",,"EXCLUDED","1 no single merged fixing PR (count=0)","unable to create a mac-address linked to a virtual machine interface via api"
"18259","2024-12-18T19:05:46Z",,"EXCLUDED","4d not closed-as-completed","Server Error: <class 'AttributeError'>, 'VirtualMachine' object has no attribute 'oob_ip_id'"
"17868","2024-12-17T20:39:31Z","18244","EXCLUDED","2a no test file in diff","Cable Trace leads to ""division by zero"" if the last cable is not connected"
"18230","2024-12-16T15:17:23Z","18232","EXCLUDED","2a no test file in diff","'VirtualMachine' object has no attribute 'oob_ip_id'"
"18124","2024-12-16T15:14:18Z","18238","EXCLUDED","2a no test file in diff","GraphQL: Querying of cable within a cabletermination_set of an device can only return the ID but no the corresponding cable"
"18213","2024-12-12T14:03:29Z","18219","EXCLUDED","2a no test file in diff","ASN Range search does not work"
"18150","2024-12-12T14:00:51Z","18151","SURVIVOR","","MAX_PAGE_SIZE not being enforced if ""limit"" query param is missing"
"18021","2024-12-12T13:16:30Z","18174","EXCLUDED","2a no test file in diff","Swagger not updating when new API endpoints added in plugin"
"17820","2024-12-11T14:14:18Z","18084","EXCLUDED","2a no test file in diff","Custom fields default value on Objects from modules are not set"
"18192","2024-12-11T13:27:32Z","18199","EXCLUDED","2a no test file in diff","Searching for a MAC address results in server error"
"18194","2024-12-10T21:23:49Z","18197","EXCLUDED","2a no test file in diff","Unable to select scope type while bulk editing prefixes"
"18183","2024-12-10T15:31:47Z","18185","EXCLUDED","2a no test file in diff","Hide Light/Dark Mode and Login Info from Printed Pages"
"18043","2024-12-09T18:16:02Z",,"EXCLUDED","4d not closed-as-completed","Stored Cross Site Scripting Vulnerability in ""Configuration History"" function in Netbox 4.1.6"
"17983","2024-12-06T14:04:58Z",,"EXCLUDED","4d not closed-as-completed","Failed jobs doesn't display Exception message in RQ Task view"
"18109","2024-12-05T21:08:33Z",,"EXCLUDED","4d not closed-as-completed","MAX_PAGE_SIZE may not be working as expected"
"18032","2024-12-05T20:41:24Z",,"EXCLUDED","4d not closed-as-completed","Server error after updated object "
"17979","2024-12-05T20:21:35Z",,"EXCLUDED","1 no single merged fixing PR (count=0)","when editing vlans with the api, vlans without a group are considered as one group, resulting in duplicate-errors"
"18132","2024-12-05T19:03:32Z",,"EXCLUDED","1 no single merged fixing PR (count=0)","Change of rack location via API does not work"
"17810","2024-12-05T18:35:48Z","18162","EXCLUDED","2a no test file in diff","Can't place multiple devices in rack with non-racked device (using API)"
"18163","2024-12-05T15:53:39Z",,"EXCLUDED","1 no single merged fixing PR (count=0)","GraphQL: NOT-Filter (here for tenants_list) not honored for group(_id) and results includes the filtered group"
"18156","2024-12-05T08:40:43Z",,"EXCLUDED","4d not closed-as-completed","Unable to load / endpoint when logged out after upgrade from 4.0.11"
"17957","2024-11-29T04:23:47Z",,"EXCLUDED","4d not closed-as-completed","Netbox Documentation Markdown Not Working Correctly"
"18112","2024-11-28T20:27:29Z",,"EXCLUDED","4d not closed-as-completed","HTTP_PROXIES no_proxy option gets completely ignored"
"18104","2024-11-27T08:45:53Z",,"EXCLUDED","1 no single merged fixing PR (count=0)","Incorrect display of virtual disk volume"
"18066","2024-11-22T14:08:05Z",,"EXCLUDED","4d not closed-as-completed","Render Config fails with DataFile templates using dynamic include statements"
"18004","2024-11-21T13:54:21Z",,"EXCLUDED","1 no single merged fixing PR (count=0)","Job scheduling is not working"
"17923","2024-11-21T13:44:00Z",,"EXCLUDED","1 no single merged fixing PR (count=0)","Custom Script CLI and API execution not working"
"17921","2024-11-21T13:44:00Z","17932","EXCLUDED","2a no test file in diff","Custom Script Scheduling Broken"
"18037","2024-11-20T21:03:57Z","18041","EXCLUDED","2a no test file in diff","vlan group with large ID makes UI crash"
"18038","2024-11-20T19:33:52Z","18039","EXCLUDED","2a no test file in diff","DeviceType._abs_weight being stored as float value though it is a PositiveBigIntegerField"
"17850","2024-11-16T04:23:38Z",,"EXCLUDED","4d not closed-as-completed","Custom Link is not shown with example out of docs/customization/custom-links.md"
"17851","2024-11-16T04:23:36Z",,"EXCLUDED","4d not closed-as-completed","Power and console cables status isn't shown correctly"
"17883","2024-11-16T04:23:34Z",,"EXCLUDED","4d not closed-as-completed","Graphql filters to same attribute"
"17986","2024-11-12T19:53:58Z","17992","EXCLUDED","2a no test file in diff","Incorrect disk size unit when bulk editing VMs"
"17969","2024-11-12T19:35:11Z","17991","SURVIVOR","","Server Error on exporting netbox ""System Info"""
"17963","2024-11-12T19:33:58Z","17994","EXCLUDED","2a no test file in diff","Select all with bulk edit only changes the currently visible objects"
"17985","2024-11-12T17:58:54Z",,"EXCLUDED","4d not closed-as-completed","OpenAPI Specs do not match API Endpoints - specifically around Nested Object Counts"
"17972","2024-11-12T17:19:39Z","17990","SURVIVOR","","Media files are reachable unauthenticated"
"17928","2024-11-04T15:03:54Z",,"EXCLUDED","1 no single merged fixing PR (count=0)","manage.py runscript - Name cannot be blank"
"17895","2024-11-01T18:51:42Z","17901","EXCLUDED","2a no test file in diff","GraphiQL UI depends on external Javascript resources"
"17884","2024-10-30T12:48:38Z","17888","EXCLUDED","2a no test file in diff","Bug in translation variables in tab labels"
"17892","2024-10-30T11:56:50Z",,"EXCLUDED","4d not closed-as-completed","manage.py runscript broken in 4.1.5"
"17843","2024-10-30T10:02:21Z",,"EXCLUDED","4d not closed-as-completed","Power Utilization not fully calculated"
"17885","2024-10-29T20:47:16Z","17886","EXCLUDED","2a no test file in diff","Fix #17685 seems to break script functionality in 4.1.5"
"17879","2024-10-29T11:57:37Z",,"EXCLUDED","4d not closed-as-completed","[Blocks all PRs]┬áFailing test_background_task_stop test"
"17870","2024-10-28T12:26:08Z",,"EXCLUDED","1 no single merged fixing PR (count=0)","SSO ""Microsoft Azure AD"" box changed to ""azuread-tenant-oauth2"" after updating from 4.1.3 to 4.1.4"
"17838","2024-10-24T13:04:50Z","17840","EXCLUDED","2a no test file in diff","Fix shebang in netbox/manage.py"
"17802","2024-10-18T13:49:18Z","17805","EXCLUDED","2a no test file in diff","Update the list view bulk Rename buttons to have an opaque background"
